[2026-09-10 23:32:36.229] +3ms POPUP_PATCHED api="MessageBoxW" scope="MenuPilot.dll import table"
[2026-09-10 23:32:36.230] +4ms POPUP_PATCHED api="MessageBoxA" scope="MenuPilot.dll import table"
[2026-09-10 23:32:36.230] +5ms PILOT_OPEN plugin="MenuPilot" version="1.0.0.0" log="C:\Users\danjo\Documents\My Games\Skyrim Special Edition\SKSE\MenuPilot\menupilot.log" pid=34632
[2026-09-10 23:32:36.230] +5ms PLUGIN_LOAD runtime="1.7.104.0" skse_version=33751056
[2026-09-10 23:32:36.234] +8ms PILOT_READY detail="inert until a commands.jsonl appears after kInputLoaded"
[2026-09-10 23:33:06.913] +30687ms STAGE name="kInputLoaded"
[2026-09-10 23:33:06.918] +30692ms POLL_START file="C:\Users\danjo\Documents\My Games\Skyrim Special Edition\SKSE\MenuPilot\commands.jsonl" interval_ms=250
[2026-09-10 23:33:24.176] +47951ms STAGE name="kDataLoaded"
[2026-09-10 23:33:36.243] +60018ms BATCH_CLAIMED n=0 stamp="20260911-043336"
[2026-09-10 23:33:36.245] +60019ms COMMAND id=1 op="menu.list" raw="{'op':'menu.list'}"
[2026-09-10 23:33:36.246] +60020ms STACK id=1 depth=0 name="SkyParkour"
[2026-09-10 23:33:36.246] +60021ms STACK id=1 depth=1 name="BTPS Ovelay Menu"
[2026-09-10 23:33:36.246] +60021ms STACK id=1 depth=2 name="BTPS Menu"
[2026-09-10 23:33:36.246] +60021ms STACK id=1 depth=3 name="Fader Menu"
[2026-09-10 23:33:36.246] +60021ms STACK id=1 depth=4 name="Mist Menu"
[2026-09-10 23:33:36.246] +60021ms STACK id=1 depth=5 name="Main Menu"
[2026-09-10 23:33:36.246] +60021ms STACK id=1 depth=6 name="Cursor Menu"
[2026-09-10 23:33:36.246] +60021ms MENU id=1 name="SkyParkour" open=1 has_view=1
[2026-09-10 23:33:36.246] +60021ms MENU id=1 name="Fader Menu" open=1 has_view=1
[2026-09-10 23:33:36.246] +60021ms MENU id=1 name="BTPS Ovelay Menu" open=1 has_view=1
[2026-09-10 23:33:36.246] +60021ms MENU id=1 name="Book Menu" open=0 has_view=0
[2026-09-10 23:33:36.246] +60021ms MENU id=1 name="FavoritesMenu" open=0 has_view=0
[2026-09-10 23:33:36.246] +60021ms MENU id=1 name="Journal Menu" open=0 has_view=0
[2026-09-10 23:33:36.246] +60021ms MENU id=1 name="Dialogue Menu" open=0 has_view=0
[2026-09-10 23:33:36.246] +60021ms MENU id=1 name="SafeZoneMenu" open=0 has_view=0
[2026-09-10 23:33:36.246] +60021ms MENU id=1 name="TitleSequence Menu" open=0 has_view=0
[2026-09-10 23:33:36.247] +60021ms MENU id=1 name="TweenMenu" open=0 has_view=0
[2026-09-10 23:33:36.247] +60021ms MENU id=1 name="Mist Menu" open=1 has_view=0
[2026-09-10 23:33:36.247] +60021ms MENU id=1 name="GiftMenu" open=0 has_view=0
[2026-09-10 23:33:36.247] +60021ms MENU id=1 name="ContainerMenu" open=0 has_view=0
[2026-09-10 23:33:36.247] +60021ms MENU id=1 name="HUD Menu" open=0 has_view=0
[2026-09-10 23:33:36.247] +60021ms MENU id=1 name="MessageBoxMenu" open=0 has_view=0
[2026-09-10 23:33:36.247] +60021ms MENU id=1 name="Kinect Menu" open=0 has_view=0
[2026-09-10 23:33:36.247] +60021ms MENU id=1 name="Main Menu" open=1 has_view=1
[2026-09-10 23:33:36.247] +60021ms MENU id=1 name="LevelUp Menu" open=0 has_view=0
[2026-09-10 23:33:36.247] +60021ms MENU id=1 name="Login Menu" open=0 has_view=0
[2026-09-10 23:33:36.247] +60021ms MENU id=1 name="Tutorial Menu" open=0 has_view=0
[2026-09-10 23:33:36.247] +60021ms MENU id=1 name="BTPS Menu" open=1 has_view=1
[2026-09-10 23:33:36.247] +60021ms MENU id=1 name="MagicMenu" open=0 has_view=0
[2026-09-10 23:33:36.247] +60021ms MENU id=1 name="CustomMenu" open=0 has_view=0
[2026-09-10 23:33:36.247] +60021ms MENU id=1 name="Training Menu" open=0 has_view=0
[2026-09-10 23:33:36.247] +60021ms MENU id=1 name="Sleep/Wait Menu" open=0 has_view=0
[2026-09-10 23:33:36.247] +60021ms MENU id=1 name="Console" open=0 has_view=0
[2026-09-10 23:33:36.247] +60021ms MENU id=1 name="MapMenu" open=0 has_view=0
[2026-09-10 23:33:36.247] +60021ms MENU id=1 name="Cursor Menu" open=1 has_view=1
[2026-09-10 23:33:36.247] +60021ms MENU id=1 name="Console Native UI Menu" open=0 has_view=0
[2026-09-10 23:33:36.247] +60021ms MENU id=1 name="Mod Manager Menu" open=0 has_view=0
[2026-09-10 23:33:36.247] +60021ms MENU id=1 name="StatsMenu" open=0 has_view=0
[2026-09-10 23:33:36.247] +60021ms MENU id=1 name="Lockpicking Menu" open=0 has_view=0
[2026-09-10 23:33:36.247] +60021ms MENU id=1 name="Marketplace Menu" open=0 has_view=0
[2026-09-10 23:33:36.247] +60021ms MENU id=1 name="Crafting Menu" open=0 has_view=0
[2026-09-10 23:33:36.247] +60021ms MENU id=1 name="InventoryMenu" open=0 has_view=0
[2026-09-10 23:33:36.247] +60021ms MENU id=1 name="Loading Menu" open=0 has_view=0
[2026-09-10 23:33:36.247] +60021ms MENU id=1 name="LoadWaitSpinner" open=0 has_view=0
[2026-09-10 23:33:36.247] +60021ms MENU id=1 name="Credits Menu" open=0 has_view=0
[2026-09-10 23:33:36.247] +60021ms MENU id=1 name="BarterMenu" open=0 has_view=0
[2026-09-10 23:33:36.247] +60021ms MENU id=1 name="RaceSex Menu" open=0 has_view=0
[2026-09-10 23:33:36.247] +60021ms RESULT id=1 op="menu.list" ok=1 registered=40 open=7 stack=7
[2026-09-10 23:33:36.247] +60022ms COMMAND id=2 op="gfx.get" raw="{'path':'_root.MenuHolder.Menu_mc.MainList.selectedEntry.text','menu':'Main Menu','op':'gfx.get'}"
[2026-09-10 23:33:36.254] +60028ms RESULT id=2 op="gfx.get" ok=1 menu="Main Menu" path="_root.MenuHolder.Menu_mc.MainList.selectedEntry.text" type="string" value="$NEW"
[2026-09-10 23:33:36.255] +60029ms BATCH_DONE n=0 commands=2 archived=1
[2026-09-10 23:33:37.007] +60781ms BATCH_CLAIMED n=1 stamp="20260911-043337"
[2026-09-10 23:33:37.007] +60781ms COMMAND id=3 op="gfx.get" raw="{'menu':'Main Menu','path':'_root.MenuHolder.Menu_mc.MainList.selectedEntry.text','op':'gfx.get'}"
[2026-09-10 23:33:37.010] +60785ms RESULT id=3 op="gfx.get" ok=1 menu="Main Menu" path="_root.MenuHolder.Menu_mc.MainList.selectedEntry.text" type="string" value="$NEW"
[2026-09-10 23:33:37.011] +60786ms BATCH_DONE n=1 commands=1 archived=1
[2026-09-10 23:33:37.513] +61287ms BATCH_CLAIMED n=2 stamp="20260911-043337"
[2026-09-10 23:33:37.513] +61287ms COMMAND id=4 op="input.tap" raw="{'code':28,'event':'Accept','op':'input.tap'}"
[2026-09-10 23:33:37.515] +61289ms INPUT_SENT id=4 device=0 user_event="Accept" code=28 value=1 held=0
[2026-09-10 23:33:37.599] +61373ms INPUT_SENT id=4 device=0 user_event="Accept" code=28 value=0 held=0.08
[2026-09-10 23:33:37.599] +61373ms RESULT id=4 op="input.tap" ok=1 down_ok=1 up_ok=1 hold_ms=80
[2026-09-10 23:33:37.599] +61373ms COMMAND id=5 op="wait" raw="{'ms':400,'op':'wait'}"
[2026-09-10 23:33:37.999] +61774ms RESULT id=5 op="wait" ok=1 ms=400
[2026-09-10 23:33:37.999] +61774ms COMMAND id=6 op="gfx.get" raw="{'menu':'Main Menu','path':'_root.MenuHolder.Menu_mc.ConfirmPanel_mc.textField.text','op':'gfx.get'}"
[2026-09-10 23:33:38.002] +61777ms RESULT id=6 op="gfx.get" ok=1 menu="Main Menu" path="_root.MenuHolder.Menu_mc.ConfirmPanel_mc.textField.text" type="string" value="Start a new game?"
[2026-09-10 23:33:38.003] +61778ms BATCH_DONE n=2 commands=3 archived=1
[2026-09-10 23:33:38.255] +62029ms BATCH_CLAIMED n=3 stamp="20260911-043338"
[2026-09-10 23:33:38.255] +62029ms COMMAND id=7 op="input.tap" raw="{'code':28,'event':'Accept','op':'input.tap'}"
[2026-09-10 23:33:38.263] +62037ms INPUT_SENT id=7 device=0 user_event="Accept" code=28 value=1 held=0
[2026-09-10 23:33:38.347] +62121ms INPUT_SENT id=7 device=0 user_event="Accept" code=28 value=0 held=0.08
[2026-09-10 23:33:38.347] +62121ms RESULT id=7 op="input.tap" ok=1 down_ok=1 up_ok=1 hold_ms=80
[2026-09-10 23:33:38.348] +62122ms BATCH_DONE n=3 commands=1 archived=1
[2026-09-10 23:34:11.162] +94937ms BATCH_CLAIMED n=4 stamp="20260911-043411"
[2026-09-10 23:34:11.162] +94937ms COMMAND id=8 op="gfx.get" raw="{'path':'_root.RaceSexMenuBaseInstance.RaceSexPanelsInstance.bottomBar.buttonPanel.button0.textField.text','menu':'RaceSex Menu','op':'gfx.get'}"
[2026-09-10 23:34:11.172] +94946ms RESULT id=8 op="gfx.get" ok=1 menu="RaceSex Menu" path="_root.RaceSexMenuBaseInstance.RaceSexPanelsInstance.bottomBar.buttonPanel.button0.textField.text" type="string" value="Done"
[2026-09-10 23:34:11.173] +94947ms BATCH_DONE n=4 commands=1 archived=1
[2026-09-10 23:34:11.674] +95448ms BATCH_CLAIMED n=5 stamp="20260911-043411"
[2026-09-10 23:34:11.674] +95448ms COMMAND id=9 op="gfx.invoke" raw="{'args':[],'method':'_root.RaceSexMenuBaseInstance.RaceSexPanelsInstance.bottomBar.buttonPanel.button0.onPress','menu':'RaceSex Menu','op':'gfx.invoke'}"
[2026-09-10 23:34:11.674] +95449ms RESULT id=9 op="gfx.invoke" ok=1 menu="RaceSex Menu" method="_root.RaceSexMenuBaseInstance.RaceSexPanelsInstance.bottomBar.buttonPanel.button0.onPress" args=0 ret_type="undefined" ret=""
[2026-09-10 23:34:11.674] +95449ms COMMAND id=10 op="gfx.invoke" raw="{'args':[],'method':'_root.RaceSexMenuBaseInstance.RaceSexPanelsInstance.bottomBar.buttonPanel.button0.onRelease','menu':'RaceSex Menu','op':'gfx.invoke'}"
[2026-09-10 23:34:11.684] +95459ms RESULT id=10 op="gfx.invoke" ok=1 menu="RaceSex Menu" method="_root.RaceSexMenuBaseInstance.RaceSexPanelsInstance.bottomBar.buttonPanel.button0.onRelease" args=0 ret_type="undefined" ret=""
[2026-09-10 23:34:11.684] +95459ms COMMAND id=11 op="wait" raw="{'op':'wait','ms':400}"
[2026-09-10 23:34:12.085] +95859ms RESULT id=11 op="wait" ok=1 ms=400
[2026-09-10 23:34:12.085] +95859ms COMMAND id=12 op="gfx.get" raw="{'path':'_root.MessageMenu.MessageText.text','menu':'MessageBoxMenu','op':'gfx.get'}"
[2026-09-10 23:34:12.095] +95869ms RESULT id=12 op="gfx.get" ok=1 menu="MessageBoxMenu" path="_root.MessageMenu.MessageText.text" type="string" value="Finish and name your character?"
[2026-09-10 23:34:12.099] +95874ms BATCH_DONE n=5 commands=4 archived=1
[2026-09-10 23:34:12.351] +96125ms BATCH_CLAIMED n=6 stamp="20260911-043412"
[2026-09-10 23:34:12.351] +96125ms COMMAND id=13 op="input.tap" raw="{'code':28,'event':'Accept','op':'input.tap'}"
[2026-09-10 23:34:12.358] +96132ms INPUT_SENT id=13 device=0 user_event="Accept" code=28 value=1 held=0
[2026-09-10 23:34:12.439] +96214ms INPUT_SENT id=13 device=0 user_event="Accept" code=28 value=0 held=0.08
[2026-09-10 23:34:12.439] +96214ms RESULT id=13 op="input.tap" ok=1 down_ok=1 up_ok=1 hold_ms=80
[2026-09-10 23:34:12.439] +96214ms COMMAND id=14 op="wait" raw="{'op':'wait','ms':400}"
[2026-09-10 23:34:12.840] +96614ms RESULT id=14 op="wait" ok=1 ms=400
[2026-09-10 23:34:12.840] +96614ms COMMAND id=15 op="gfx.get" raw="{'path':'_root.RaceSexMenuBaseInstance.RaceSexPanelsInstance.textEntry._visible','menu':'RaceSex Menu','op':'gfx.get'}"
[2026-09-10 23:34:12.848] +96622ms RESULT id=15 op="gfx.get" ok=1 menu="RaceSex Menu" path="_root.RaceSexMenuBaseInstance.RaceSexPanelsInstance.textEntry._visible" type="bool" value="true"
[2026-09-10 23:34:12.849] +96623ms BATCH_DONE n=6 commands=3 archived=1
[2026-09-10 23:34:13.351] +97125ms BATCH_CLAIMED n=7 stamp="20260911-043413"
[2026-09-10 23:34:13.351] +97125ms COMMAND id=16 op="gfx.get" raw="{'path':'_root.RaceSexMenuBaseInstance.RaceSexPanelsInstance.textEntry.TextInputInstance.textField.text','menu':'RaceSex Menu','op':'gfx.get'}"
[2026-09-10 23:34:13.356] +97130ms RESULT id=16 op="gfx.get" ok=1 menu="RaceSex Menu" path="_root.RaceSexMenuBaseInstance.RaceSexPanelsInstance.textEntry.TextInputInstance.textField.text" type="string" value="Adventurer"
[2026-09-10 23:34:13.357] +97131ms BATCH_DONE n=7 commands=1 archived=1
[2026-09-10 23:34:13.608] +97382ms BATCH_CLAIMED n=8 stamp="20260911-043413"
[2026-09-10 23:34:13.608] +97382ms COMMAND id=17 op="input.tap" raw="{'code':28,'event':'Accept','op':'input.tap'}"
[2026-09-10 23:34:13.613] +97388ms INPUT_SENT id=17 device=0 user_event="Accept" code=28 value=1 held=0
[2026-09-10 23:34:13.703] +97477ms INPUT_SENT id=17 device=0 user_event="Accept" code=28 value=0 held=0.08
[2026-09-10 23:34:13.703] +97477ms RESULT id=17 op="input.tap" ok=1 down_ok=1 up_ok=1 hold_ms=80
[2026-09-10 23:34:13.704] +97478ms BATCH_DONE n=8 commands=1 archived=1
[2026-09-10 23:34:17.462] +101237ms BATCH_CLAIMED n=9 stamp="20260911-043417"
[2026-09-10 23:34:17.462] +101237ms COMMAND id=18 op="input.tap" raw="{'op':'input.tap','event':'Journal','code':36}"
[2026-09-10 23:34:17.467] +101242ms INPUT_SENT id=18 device=0 user_event="Journal" code=36 value=1 held=0
[2026-09-10 23:34:17.548] +101323ms INPUT_SENT id=18 device=0 user_event="Journal" code=36 value=0 held=0.08
[2026-09-10 23:34:17.548] +101323ms RESULT id=18 op="input.tap" ok=1 down_ok=1 up_ok=1 hold_ms=80
[2026-09-10 23:34:17.548] +101323ms COMMAND id=19 op="wait" raw="{'ms':400,'op':'wait'}"
[2026-09-10 23:34:17.949] +101724ms RESULT id=19 op="wait" ok=1 ms=400
[2026-09-10 23:34:17.949] +101724ms COMMAND id=20 op="gfx.invoke" raw="{'method':'_root.QuestJournalFader.Menu_mc.SystemTab.onPress','op':'gfx.invoke','args':[],'menu':'Journal Menu'}"
[2026-09-10 23:34:17.954] +101728ms RESULT id=20 op="gfx.invoke" ok=1 menu="Journal Menu" method="_root.QuestJournalFader.Menu_mc.SystemTab.onPress" args=0 ret_type="undefined" ret=""
[2026-09-10 23:34:17.954] +101728ms COMMAND id=21 op="gfx.invoke" raw="{'method':'_root.QuestJournalFader.Menu_mc.SystemTab.onRelease','op':'gfx.invoke','args':[],'menu':'Journal Menu'}"
[2026-09-10 23:34:17.964] +101738ms RESULT id=21 op="gfx.invoke" ok=1 menu="Journal Menu" method="_root.QuestJournalFader.Menu_mc.SystemTab.onRelease" args=0 ret_type="undefined" ret=""
[2026-09-10 23:34:17.964] +101738ms COMMAND id=22 op="gfx.get" raw="{'op':'gfx.get','path':'_root.QuestJournalFader.Menu_mc.SystemFader.Page_mc.CategoryList_mc.List_mc.iSelectedIndex','menu':'Journal Menu'}"
[2026-09-10 23:34:17.970] +101745ms RESULT id=22 op="gfx.get" ok=1 menu="Journal Menu" path="_root.QuestJournalFader.Menu_mc.SystemFader.Page_mc.CategoryList_mc.List_mc.iSelectedIndex" type="number" value="0"
[2026-09-10 23:34:17.971] +101746ms BATCH_DONE n=9 commands=5 archived=1
[2026-09-10 23:34:18.222] +101997ms BATCH_CLAIMED n=10 stamp="20260911-043418"
[2026-09-10 23:34:18.222] +101997ms COMMAND id=23 op="input.tap" raw="{'op':'input.tap','event':'Down','code':208}"
[2026-09-10 23:34:18.229] +102003ms INPUT_SENT id=23 device=0 user_event="Down" code=208 value=1 held=0
[2026-09-10 23:34:18.313] +102087ms INPUT_SENT id=23 device=0 user_event="Down" code=208 value=0 held=0.08
[2026-09-10 23:34:18.313] +102087ms RESULT id=23 op="input.tap" ok=1 down_ok=1 up_ok=1 hold_ms=80
[2026-09-10 23:34:18.313] +102087ms COMMAND id=24 op="input.tap" raw="{'op':'input.tap','event':'Down','code':208}"
[2026-09-10 23:34:18.322] +102096ms INPUT_SENT id=24 device=0 user_event="Down" code=208 value=1 held=0
[2026-09-10 23:34:18.405] +102180ms INPUT_SENT id=24 device=0 user_event="Down" code=208 value=0 held=0.08
[2026-09-10 23:34:18.405] +102180ms RESULT id=24 op="input.tap" ok=1 down_ok=1 up_ok=1 hold_ms=80
[2026-09-10 23:34:18.405] +102180ms COMMAND id=25 op="input.tap" raw="{'op':'input.tap','event':'Down','code':208}"
[2026-09-10 23:34:18.414] +102188ms INPUT_SENT id=25 device=0 user_event="Down" code=208 value=1 held=0
[2026-09-10 23:34:18.498] +102272ms INPUT_SENT id=25 device=0 user_event="Down" code=208 value=0 held=0.08
[2026-09-10 23:34:18.498] +102272ms RESULT id=25 op="input.tap" ok=1 down_ok=1 up_ok=1 hold_ms=80
[2026-09-10 23:34:18.498] +102272ms COMMAND id=26 op="input.tap" raw="{'op':'input.tap','event':'Down','code':208}"
[2026-09-10 23:34:18.506] +102281ms INPUT_SENT id=26 device=0 user_event="Down" code=208 value=1 held=0
[2026-09-10 23:34:18.590] +102364ms INPUT_SENT id=26 device=0 user_event="Down" code=208 value=0 held=0.08
[2026-09-10 23:34:18.590] +102364ms RESULT id=26 op="input.tap" ok=1 down_ok=1 up_ok=1 hold_ms=80
[2026-09-10 23:34:18.590] +102364ms COMMAND id=27 op="input.tap" raw="{'op':'input.tap','event':'Down','code':208}"
[2026-09-10 23:34:18.598] +102373ms INPUT_SENT id=27 device=0 user_event="Down" code=208 value=1 held=0
[2026-09-10 23:34:18.682] +102457ms INPUT_SENT id=27 device=0 user_event="Down" code=208 value=0 held=0.08
[2026-09-10 23:34:18.683] +102457ms RESULT id=27 op="input.tap" ok=1 down_ok=1 up_ok=1 hold_ms=80
[2026-09-10 23:34:18.683] +102457ms COMMAND id=28 op="input.tap" raw="{'op':'input.tap','event':'Down','code':208}"
[2026-09-10 23:34:18.691] +102466ms INPUT_SENT id=28 device=0 user_event="Down" code=208 value=1 held=0
[2026-09-10 23:34:18.775] +102550ms INPUT_SENT id=28 device=0 user_event="Down" code=208 value=0 held=0.08
[2026-09-10 23:34:18.775] +102550ms RESULT id=28 op="input.tap" ok=1 down_ok=1 up_ok=1 hold_ms=80
[2026-09-10 23:34:18.775] +102550ms COMMAND id=29 op="gfx.get" raw="{'op':'gfx.get','path':'_root.QuestJournalFader.Menu_mc.SystemFader.Page_mc.CategoryList_mc.List_mc.selectedEntry.text','menu':'Journal Menu'}"
[2026-09-10 23:34:18.783] +102558ms RESULT id=29 op="gfx.get" ok=1 menu="Journal Menu" path="_root.QuestJournalFader.Menu_mc.SystemFader.Page_mc.CategoryList_mc.List_mc.selectedEntry.text" type="string" value="$MOD CONFIGURATION"
[2026-09-10 23:34:18.785] +102559ms BATCH_DONE n=10 commands=7 archived=1
[2026-09-10 23:34:19.036] +102810ms BATCH_CLAIMED n=11 stamp="20260911-043419"
[2026-09-10 23:34:19.036] +102811ms COMMAND id=30 op="input.tap" raw="{'op':'input.tap','event':'Accept','code':28}"
[2026-09-10 23:34:19.044] +102818ms INPUT_SENT id=30 device=0 user_event="Accept" code=28 value=1 held=0
[2026-09-10 23:34:19.128] +102902ms INPUT_SENT id=30 device=0 user_event="Accept" code=28 value=0 held=0.08
[2026-09-10 23:34:19.128] +102902ms RESULT id=30 op="input.tap" ok=1 down_ok=1 up_ok=1 hold_ms=80
[2026-09-10 23:34:19.128] +102902ms COMMAND id=31 op="wait" raw="{'ms':400,'op':'wait'}"
[2026-09-10 23:34:19.528] +103302ms RESULT id=31 op="wait" ok=1 ms=400
[2026-09-10 23:34:19.528] +103303ms COMMAND id=32 op="gfx.get" raw="{'op':'gfx.get','path':'_root.QuestJournalFader.Menu_mc.ConfigPanel._modList._entryList.0.text','menu':'Journal Menu'}"
[2026-09-10 23:34:19.531] +103306ms RESULT id=32 op="gfx.get" ok=1 menu="Journal Menu" path="_root.QuestJournalFader.Menu_mc.ConfigPanel._modList._entryList.0.text" type="string" value=" Skyrim Unbound"
[2026-09-10 23:34:19.532] +103307ms BATCH_DONE n=11 commands=3 archived=1
[2026-09-10 23:34:19.784] +103558ms BATCH_CLAIMED n=12 stamp="20260911-043419"
[2026-09-10 23:34:19.784] +103558ms COMMAND id=33 op="input.tap" raw="{'op':'input.tap','event':'Down','code':208}"
[2026-09-10 23:34:19.792] +103566ms INPUT_SENT id=33 device=0 user_event="Down" code=208 value=1 held=0
[2026-09-10 23:34:19.876] +103650ms INPUT_SENT id=33 device=0 user_event="Down" code=208 value=0 held=0.08
[2026-09-10 23:34:19.876] +103650ms RESULT id=33 op="input.tap" ok=1 down_ok=1 up_ok=1 hold_ms=80
[2026-09-10 23:34:19.876] +103650ms COMMAND id=34 op="input.tap" raw="{'op':'input.tap','event':'Accept','code':28}"
[2026-09-10 23:34:19.884] +103659ms INPUT_SENT id=34 device=0 user_event="Accept" code=28 value=1 held=0
[2026-09-10 23:34:19.968] +103743ms INPUT_SENT id=34 device=0 user_event="Accept" code=28 value=0 held=0.08
[2026-09-10 23:34:19.968] +103743ms RESULT id=34 op="input.tap" ok=1 down_ok=1 up_ok=1 hold_ms=80
[2026-09-10 23:34:19.968] +103743ms COMMAND id=35 op="wait" raw="{'ms':400,'op':'wait'}"
[2026-09-10 23:34:20.369] +104143ms RESULT id=35 op="wait" ok=1 ms=400
[2026-09-10 23:34:20.369] +104143ms COMMAND id=36 op="gfx.get" raw="{'op':'gfx.get','path':'_root.QuestJournalFader.Menu_mc.ConfigPanel._subList._entryList.1.text','menu':'Journal Menu'}"
[2026-09-10 23:34:20.372] +104146ms RESULT id=36 op="gfx.get" ok=1 menu="Journal Menu" path="_root.QuestJournalFader.Menu_mc.ConfigPanel._subList._entryList.1.text" type="string" value="Starting Location"
[2026-09-10 23:34:20.372] +104147ms BATCH_DONE n=12 commands=4 archived=1
[2026-09-10 23:34:21.124] +104898ms BATCH_CLAIMED n=13 stamp="20260911-043421"
[2026-09-10 23:34:21.124] +104899ms COMMAND id=37 op="input.tap" raw="{'code':203,'event':'Left','op':'input.tap'}"
[2026-09-10 23:34:21.128] +104903ms INPUT_SENT id=37 device=0 user_event="Left" code=203 value=1 held=0
[2026-09-10 23:34:21.212] +104987ms INPUT_SENT id=37 device=0 user_event="Left" code=203 value=0 held=0.08
[2026-09-10 23:34:21.212] +104987ms RESULT id=37 op="input.tap" ok=1 down_ok=1 up_ok=1 hold_ms=80
[2026-09-10 23:34:21.212] +104987ms COMMAND id=38 op="gfx.get" raw="{'path':'_root.QuestJournalFader.Menu_mc.ConfigPanel._subList._selectedIndex','op':'gfx.get','menu':'Journal Menu'}"
[2026-09-10 23:34:21.221] +104995ms RESULT id=38 op="gfx.get" ok=1 menu="Journal Menu" path="_root.QuestJournalFader.Menu_mc.ConfigPanel._subList._selectedIndex" type="number" value="-1"
[2026-09-10 23:34:21.221] +104996ms BATCH_DONE n=13 commands=2 archived=1
[2026-09-10 23:34:21.472] +105247ms BATCH_CLAIMED n=14 stamp="20260911-043421"
[2026-09-10 23:34:21.473] +105247ms COMMAND id=39 op="input.tap" raw="{'code':208,'event':'Down','op':'input.tap'}"
[2026-09-10 23:34:21.481] +105255ms INPUT_SENT id=39 device=0 user_event="Down" code=208 value=1 held=0
[2026-09-10 23:34:21.566] +105340ms INPUT_SENT id=39 device=0 user_event="Down" code=208 value=0 held=0.08
[2026-09-10 23:34:21.566] +105340ms RESULT id=39 op="input.tap" ok=1 down_ok=1 up_ok=1 hold_ms=80
[2026-09-10 23:34:21.566] +105340ms COMMAND id=40 op="input.tap" raw="{'code':208,'event':'Down','op':'input.tap'}"
[2026-09-10 23:34:21.574] +105348ms INPUT_SENT id=40 device=0 user_event="Down" code=208 value=1 held=0
[2026-09-10 23:34:21.658] +105432ms INPUT_SENT id=40 device=0 user_event="Down" code=208 value=0 held=0.08
[2026-09-10 23:34:21.658] +105432ms RESULT id=40 op="input.tap" ok=1 down_ok=1 up_ok=1 hold_ms=80
[2026-09-10 23:34:21.658] +105432ms COMMAND id=41 op="input.tap" raw="{'code':208,'event':'Down','op':'input.tap'}"
[2026-09-10 23:34:21.666] +105441ms INPUT_SENT id=41 device=0 user_event="Down" code=208 value=1 held=0
[2026-09-10 23:34:21.750] +105524ms INPUT_SENT id=41 device=0 user_event="Down" code=208 value=0 held=0.08
[2026-09-10 23:34:21.750] +105524ms RESULT id=41 op="input.tap" ok=1 down_ok=1 up_ok=1 hold_ms=80
[2026-09-10 23:34:21.750] +105525ms COMMAND id=42 op="gfx.get" raw="{'path':'_root.QuestJournalFader.Menu_mc.ConfigPanel._subList.selectedEntry.text','op':'gfx.get','menu':'Journal Menu'}"
[2026-09-10 23:34:21.759] +105533ms RESULT id=42 op="gfx.get" ok=1 menu="Journal Menu" path="_root.QuestJournalFader.Menu_mc.ConfigPanel._subList.selectedEntry.text" type="string" value="Equipment"
[2026-09-10 23:34:21.760] +105534ms BATCH_DONE n=14 commands=4 archived=1
[2026-09-10 23:34:22.011] +105785ms BATCH_CLAIMED n=15 stamp="20260911-043422"
[2026-09-10 23:34:22.011] +105785ms COMMAND id=43 op="input.tap" raw="{'code':28,'event':'Accept','op':'input.tap'}"
[2026-09-10 23:34:22.019] +105793ms INPUT_SENT id=43 device=0 user_event="Accept" code=28 value=1 held=0
[2026-09-10 23:34:22.103] +105877ms INPUT_SENT id=43 device=0 user_event="Accept" code=28 value=0 held=0.08
[2026-09-10 23:34:22.103] +105877ms RESULT id=43 op="input.tap" ok=1 down_ok=1 up_ok=1 hold_ms=80
[2026-09-10 23:34:22.103] +105877ms COMMAND id=44 op="wait" raw="{'op':'wait','ms':400}"
[2026-09-10 23:34:22.503] +106278ms RESULT id=44 op="wait" ok=1 ms=400
[2026-09-10 23:34:22.503] +106278ms COMMAND id=45 op="gfx.get" raw="{'path':'_root.QuestJournalFader.Menu_mc.ConfigPanel._optionsList._entryList.0.text','op':'gfx.get','menu':'Journal Menu'}"
[2026-09-10 23:34:22.506] +106281ms RESULT id=45 op="gfx.get" ok=1 menu="Journal Menu" path="_root.QuestJournalFader.Menu_mc.ConfigPanel._optionsList._entryList.0.text" type="string" value="Weapon Set"
[2026-09-10 23:34:22.507] +106282ms BATCH_DONE n=15 commands=3 archived=1
[2026-09-10 23:34:23.510] +107284ms BATCH_CLAIMED n=16 stamp="20260911-043423"
[2026-09-10 23:34:23.510] +107284ms COMMAND id=46 op="input.tap" raw="{'code':205,'op':'input.tap','event':'Right'}"
[2026-09-10 23:34:23.515] +107289ms INPUT_SENT id=46 device=0 user_event="Right" code=205 value=1 held=0
[2026-09-10 23:34:23.599] +107373ms INPUT_SENT id=46 device=0 user_event="Right" code=205 value=0 held=0.08
[2026-09-10 23:34:23.599] +107373ms RESULT id=46 op="input.tap" ok=1 down_ok=1 up_ok=1 hold_ms=80
[2026-09-10 23:34:23.599] +107373ms COMMAND id=47 op="gfx.get" raw="{'path':'_root.QuestJournalFader.Menu_mc.ConfigPanel._optionsList._selectedIndex','op':'gfx.get','menu':'Journal Menu'}"
[2026-09-10 23:34:23.608] +107382ms RESULT id=47 op="gfx.get" ok=1 menu="Journal Menu" path="_root.QuestJournalFader.Menu_mc.ConfigPanel._optionsList._selectedIndex" type="number" value="0"
[2026-09-10 23:34:23.608] +107382ms COMMAND id=48 op="gfx.get" raw="{'path':'_root.QuestJournalFader.Menu_mc.ConfigPanel._optionsList.selectedEntry.text','op':'gfx.get','menu':'Journal Menu'}"
[2026-09-10 23:34:23.616] +107390ms RESULT id=48 op="gfx.get" ok=1 menu="Journal Menu" path="_root.QuestJournalFader.Menu_mc.ConfigPanel._optionsList.selectedEntry.text" type="string" value="Weapon Set"
[2026-09-10 23:34:23.617] +107391ms BATCH_DONE n=16 commands=3 archived=1
[2026-09-10 23:34:24.370] +108144ms BATCH_CLAIMED n=17 stamp="20260911-043424"
[2026-09-10 23:34:24.370] +108145ms COMMAND id=49 op="input.tap" raw="{'op':'input.tap','code':208,'event':'Down'}"
[2026-09-10 23:34:24.372] +108146ms INPUT_SENT id=49 device=0 user_event="Down" code=208 value=1 held=0
[2026-09-10 23:34:24.456] +108230ms INPUT_SENT id=49 device=0 user_event="Down" code=208 value=0 held=0.08
[2026-09-10 23:34:24.456] +108231ms RESULT id=49 op="input.tap" ok=1 down_ok=1 up_ok=1 hold_ms=80
[2026-09-10 23:34:24.456] +108231ms COMMAND id=50 op="input.tap" raw="{'op':'input.tap','code':208,'event':'Down'}"
[2026-09-10 23:34:24.465] +108239ms INPUT_SENT id=50 device=0 user_event="Down" code=208 value=1 held=0
[2026-09-10 23:34:24.549] +108323ms INPUT_SENT id=50 device=0 user_event="Down" code=208 value=0 held=0.08
[2026-09-10 23:34:24.549] +108323ms RESULT id=50 op="input.tap" ok=1 down_ok=1 up_ok=1 hold_ms=80
[2026-09-10 23:34:24.549] +108323ms COMMAND id=51 op="gfx.get" raw="{'op':'gfx.get','menu':'Journal Menu','path':'_root.QuestJournalFader.Menu_mc.ConfigPanel._optionsList._selectedIndex'}"
[2026-09-10 23:34:24.557] +108332ms RESULT id=51 op="gfx.get" ok=1 menu="Journal Menu" path="_root.QuestJournalFader.Menu_mc.ConfigPanel._optionsList._selectedIndex" type="number" value="4"
[2026-09-10 23:34:24.557] +108332ms COMMAND id=52 op="gfx.get" raw="{'op':'gfx.get','menu':'Journal Menu','path':'_root.QuestJournalFader.Menu_mc.ConfigPanel._optionsList.selectedEntry.text'}"
[2026-09-10 23:34:24.566] +108340ms RESULT id=52 op="gfx.get" ok=1 menu="Journal Menu" path="_root.QuestJournalFader.Menu_mc.ConfigPanel._optionsList.selectedEntry.text" type="string" value="Random"
[2026-09-10 23:34:24.566] +108341ms BATCH_DONE n=17 commands=4 archived=1
[2026-09-10 23:34:25.318] +109093ms BATCH_CLAIMED n=18 stamp="20260911-043425"
[2026-09-10 23:34:25.318] +109093ms COMMAND id=53 op="input.tap" raw="{'event':'Accept','code':28,'op':'input.tap'}"
[2026-09-10 23:34:25.322] +109096ms INPUT_SENT id=53 device=0 user_event="Accept" code=28 value=1 held=0
[2026-09-10 23:34:25.406] +109180ms INPUT_SENT id=53 device=0 user_event="Accept" code=28 value=0 held=0.08
[2026-09-10 23:34:25.406] +109181ms RESULT id=53 op="input.tap" ok=1 down_ok=1 up_ok=1 hold_ms=80
[2026-09-10 23:34:25.406] +109181ms COMMAND id=54 op="wait" raw="{'op':'wait','ms':400}"
[2026-09-10 23:34:25.806] +109581ms RESULT id=54 op="wait" ok=1 ms=400
[2026-09-10 23:34:25.806] +109581ms COMMAND id=55 op="gfx.get" raw="{'path':'_root.QuestJournalFader.Menu_mc.ConfigPanel._optionsList._entryList.4.numValue','menu':'Journal Menu','op':'gfx.get'}"
[2026-09-10 23:34:25.809] +109584ms RESULT id=55 op="gfx.get" ok=1 menu="Journal Menu" path="_root.QuestJournalFader.Menu_mc.ConfigPanel._optionsList._entryList.4.numValue" type="number" value="0"
[2026-09-10 23:34:25.810] +109584ms BATCH_DONE n=18 commands=3 archived=1
[2026-09-10 23:34:26.563] +110337ms BATCH_CLAIMED n=19 stamp="20260911-043426"
[2026-09-10 23:34:26.563] +110337ms COMMAND id=56 op="input.tap" raw="{'op':'input.tap','code':208,'event':'Down'}"
[2026-09-10 23:34:26.566] +110340ms INPUT_SENT id=56 device=0 user_event="Down" code=208 value=1 held=0
[2026-09-10 23:34:26.650] +110424ms INPUT_SENT id=56 device=0 user_event="Down" code=208 value=0 held=0.08
[2026-09-10 23:34:26.650] +110424ms RESULT id=56 op="input.tap" ok=1 down_ok=1 up_ok=1 hold_ms=80
[2026-09-10 23:34:26.650] +110424ms COMMAND id=57 op="gfx.get" raw="{'op':'gfx.get','menu':'Journal Menu','path':'_root.QuestJournalFader.Menu_mc.ConfigPanel._optionsList._selectedIndex'}"
[2026-09-10 23:34:26.658] +110433ms RESULT id=57 op="gfx.get" ok=1 menu="Journal Menu" path="_root.QuestJournalFader.Menu_mc.ConfigPanel._optionsList._selectedIndex" type="number" value="6"
[2026-09-10 23:34:26.658] +110433ms COMMAND id=58 op="gfx.get" raw="{'op':'gfx.get','menu':'Journal Menu','path':'_root.QuestJournalFader.Menu_mc.ConfigPanel._optionsList.selectedEntry.text'}"
[2026-09-10 23:34:26.666] +110441ms RESULT id=58 op="gfx.get" ok=1 menu="Journal Menu" path="_root.QuestJournalFader.Menu_mc.ConfigPanel._optionsList.selectedEntry.text" type="string" value="One-Handed"
[2026-09-10 23:34:26.667] +110442ms BATCH_DONE n=19 commands=3 archived=1
[2026-09-10 23:34:27.419] +111193ms BATCH_CLAIMED n=20 stamp="20260911-043427"
[2026-09-10 23:34:27.419] +111194ms COMMAND id=59 op="input.tap" raw="{'code':28,'event':'Accept','op':'input.tap'}"
[2026-09-10 23:34:27.423] +111197ms INPUT_SENT id=59 device=0 user_event="Accept" code=28 value=1 held=0
[2026-09-10 23:34:27.507] +111281ms INPUT_SENT id=59 device=0 user_event="Accept" code=28 value=0 held=0.08
[2026-09-10 23:34:27.507] +111281ms RESULT id=59 op="input.tap" ok=1 down_ok=1 up_ok=1 hold_ms=80
[2026-09-10 23:34:27.507] +111281ms COMMAND id=60 op="wait" raw="{'ms':800,'op':'wait'}"
[2026-09-10 23:34:28.307] +112082ms RESULT id=60 op="wait" ok=1 ms=800
[2026-09-10 23:34:28.307] +112082ms COMMAND id=61 op="gfx.get" raw="{'menu':'Journal Menu','path':'_root.QuestJournalFader.Menu_mc.ConfigPanel.dialog._visible','op':'gfx.get'}"
[2026-09-10 23:34:28.314] +112088ms RESULT id=61 op="gfx.get" ok=1 menu="Journal Menu" path="_root.QuestJournalFader.Menu_mc.ConfigPanel.dialog._visible" type="bool" value="true"
[2026-09-10 23:34:28.314] +112088ms COMMAND id=62 op="gfx.dump" raw="{'depth':1,'path':'_root.QuestJournalFader.Menu_mc.ConfigPanel.dialog.menuList._entryList','menu':'Journal Menu','max':60,'op':'gfx.dump'}"
[2026-09-10 23:34:28.322] +112097ms MEMBER id=62 path="_root.QuestJournalFader.Menu_mc.ConfigPanel.dialog.menuList._entryList" type="array" value="size=8"
[2026-09-10 23:34:28.322] +112097ms MEMBER id=62 path="_root.QuestJournalFader.Menu_mc.ConfigPanel.dialog.menuList._entryList[0]" type="object" value="{...}"
[2026-09-10 23:34:28.322] +112097ms MEMBER id=62 path="_root.QuestJournalFader.Menu_mc.ConfigPanel.dialog.menuList._entryList[1]" type="object" value="{...}"
[2026-09-10 23:34:28.322] +112097ms MEMBER id=62 path="_root.QuestJournalFader.Menu_mc.ConfigPanel.dialog.menuList._entryList[2]" type="object" value="{...}"
[2026-09-10 23:34:28.322] +112097ms MEMBER id=62 path="_root.QuestJournalFader.Menu_mc.ConfigPanel.dialog.menuList._entryList[3]" type="object" value="{...}"
[2026-09-10 23:34:28.322] +112097ms MEMBER id=62 path="_root.QuestJournalFader.Menu_mc.ConfigPanel.dialog.menuList._entryList[4]" type="object" value="{...}"
[2026-09-10 23:34:28.322] +112097ms MEMBER id=62 path="_root.QuestJournalFader.Menu_mc.ConfigPanel.dialog.menuList._entryList[5]" type="object" value="{...}"
[2026-09-10 23:34:28.322] +112097ms MEMBER id=62 path="_root.QuestJournalFader.Menu_mc.ConfigPanel.dialog.menuList._entryList[6]" type="object" value="{...}"
[2026-09-10 23:34:28.322] +112097ms MEMBER id=62 path="_root.QuestJournalFader.Menu_mc.ConfigPanel.dialog.menuList._entryList[7]" type="object" value="{...}"
[2026-09-10 23:34:28.322] +112097ms RESULT id=62 op="gfx.dump" ok=1 menu="Journal Menu" path="_root.QuestJournalFader.Menu_mc.ConfigPanel.dialog.menuList._entryList" depth=1 members_logged=9
[2026-09-10 23:34:28.323] +112097ms BATCH_DONE n=20 commands=4 archived=1
[2026-09-10 23:34:28.574] +112349ms BATCH_CLAIMED n=21 stamp="20260911-043428"
[2026-09-10 23:34:28.575] +112349ms COMMAND id=63 op="gfx.get" raw="{'menu':'Journal Menu','path':'_root.QuestJournalFader.Menu_mc.ConfigPanel.dialog.menuList.selectedEntry.text','op':'gfx.get'}"
[2026-09-10 23:34:28.583] +112357ms RESULT id=63 op="gfx.get" ok=1 menu="Journal Menu" path="_root.QuestJournalFader.Menu_mc.ConfigPanel.dialog.menuList.selectedEntry.text" type="string" value="Nothing"
[2026-09-10 23:34:28.584] +112358ms BATCH_DONE n=21 commands=1 archived=1
[2026-09-10 23:34:29.085] +112860ms BATCH_CLAIMED n=22 stamp="20260911-043429"
[2026-09-10 23:34:29.085] +112860ms COMMAND id=64 op="input.tap" raw="{'code':28,'event':'Accept','op':'input.tap'}"
[2026-09-10 23:34:29.087] +112861ms INPUT_SENT id=64 device=0 user_event="Accept" code=28 value=1 held=0
[2026-09-10 23:34:29.171] +112945ms INPUT_SENT id=64 device=0 user_event="Accept" code=28 value=0 held=0.08
[2026-09-10 23:34:29.171] +112945ms RESULT id=64 op="input.tap" ok=1 down_ok=1 up_ok=1 hold_ms=80
[2026-09-10 23:34:29.171] +112945ms COMMAND id=65 op="wait" raw="{'ms':400,'op':'wait'}"
[2026-09-10 23:34:29.571] +113346ms RESULT id=65 op="wait" ok=1 ms=400
[2026-09-10 23:34:29.571] +113346ms COMMAND id=66 op="gfx.get" raw="{'menu':'Journal Menu','path':'_root.QuestJournalFader.Menu_mc.ConfigPanel.dialog.menuList._selectedIndex','op':'gfx.get'}"
[2026-09-10 23:34:29.574] +113349ms RESULT id=66 op="gfx.get" ok=1 menu="Journal Menu" path="_root.QuestJournalFader.Menu_mc.ConfigPanel.dialog.menuList._selectedIndex" type="number" value="0"
[2026-09-10 23:34:29.575] +113350ms BATCH_DONE n=22 commands=3 archived=1
[2026-09-10 23:34:29.827] +113601ms BATCH_CLAIMED n=23 stamp="20260911-043429"
[2026-09-10 23:34:29.827] +113601ms COMMAND id=67 op="input.tap" raw="{'code':1,'event':'Cancel','op':'input.tap'}"
[2026-09-10 23:34:29.835] +113609ms INPUT_SENT id=67 device=0 user_event="Cancel" code=1 value=1 held=0
[2026-09-10 23:34:29.919] +113693ms INPUT_SENT id=67 device=0 user_event="Cancel" code=1 value=0 held=0.08
[2026-09-10 23:34:29.919] +113694ms RESULT id=67 op="input.tap" ok=1 down_ok=1 up_ok=1 hold_ms=80
[2026-09-10 23:34:29.919] +113694ms COMMAND id=68 op="wait" raw="{'ms':800,'op':'wait'}"
[2026-09-10 23:34:30.719] +114494ms RESULT id=68 op="wait" ok=1 ms=800
[2026-09-10 23:34:30.719] +114494ms COMMAND id=69 op="gfx.get" raw="{'menu':'Journal Menu','path':'_root.QuestJournalFader.Menu_mc.ConfigPanel._optionsList._entryList.6.strValue','op':'gfx.get'}"
[2026-09-10 23:34:30.726] +114500ms RESULT id=69 op="gfx.get" ok=1 menu="Journal Menu" path="_root.QuestJournalFader.Menu_mc.ConfigPanel._optionsList._entryList.6.strValue" type="string" value=""
[2026-09-10 23:34:30.726] +114500ms COMMAND id=70 op="gfx.get" raw="{'menu':'Journal Menu','path':'_root.QuestJournalFader.Menu_mc.ConfigPanel.dialog._visible','op':'gfx.get'}"
[2026-09-10 23:34:30.734] +114508ms RESULT id=70 op="gfx.get" ok=0 menu="Journal Menu" path="_root.QuestJournalFader.Menu_mc.ConfigPanel.dialog._visible" type="undefined" value=""
[2026-09-10 23:34:30.735] +114509ms BATCH_DONE n=23 commands=4 archived=1
[2026-09-10 23:35:07.298] +151073ms BATCH_CLAIMED n=24 stamp="20260911-043507"
[2026-09-10 23:35:07.299] +151073ms COMMAND id=71 op="input.tap" raw="{'event':'Accept','code':28,'op':'input.tap'}"
[2026-09-10 23:35:07.300] +151074ms INPUT_SENT id=71 device=0 user_event="Accept" code=28 value=1 held=0
[2026-09-10 23:35:07.384] +151158ms INPUT_SENT id=71 device=0 user_event="Accept" code=28 value=0 held=0.08
[2026-09-10 23:35:07.384] +151158ms RESULT id=71 op="input.tap" ok=1 down_ok=1 up_ok=1 hold_ms=80
[2026-09-10 23:35:07.384] +151158ms COMMAND id=72 op="wait" raw="{'ms':800,'op':'wait'}"
[2026-09-10 23:35:08.185] +151959ms RESULT id=72 op="wait" ok=1 ms=800
[2026-09-10 23:35:08.185] +151959ms COMMAND id=73 op="gfx.get" raw="{'path':'_root.QuestJournalFader.Menu_mc.ConfigPanel.dialog._visible','menu':'Journal Menu','op':'gfx.get'}"
[2026-09-10 23:35:08.191] +151965ms RESULT id=73 op="gfx.get" ok=1 menu="Journal Menu" path="_root.QuestJournalFader.Menu_mc.ConfigPanel.dialog._visible" type="bool" value="true"
[2026-09-10 23:35:08.191] +151965ms COMMAND id=74 op="gfx.dump" raw="{'depth':2,'path':'_root.QuestJournalFader.Menu_mc.ConfigPanel.dialog.menuList._entryList','max':80,'menu':'Journal Menu','op':'gfx.dump'}"
[2026-09-10 23:35:08.199] +151973ms MEMBER id=74 path="_root.QuestJournalFader.Menu_mc.ConfigPanel.dialog.menuList._entryList" type="array" value="size=8"
[2026-09-10 23:35:08.199] +151974ms MEMBER id=74 path="_root.QuestJournalFader.Menu_mc.ConfigPanel.dialog.menuList._entryList[0]" type="object" value="{...}"
[2026-09-10 23:35:08.199] +151974ms MEMBER id=74 path="_root.QuestJournalFader.Menu_mc.ConfigPanel.dialog.menuList._entryList[0].enabled" type="bool" value="true"
[2026-09-10 23:35:08.199] +151974ms MEMBER id=74 path="_root.QuestJournalFader.Menu_mc.ConfigPanel.dialog.menuList._entryList[0].state" type="string" value="normal"
[2026-09-10 23:35:08.199] +151974ms MEMBER id=74 path="_root.QuestJournalFader.Menu_mc.ConfigPanel.dialog.menuList._entryList[0].align" type="string" value="center"
[2026-09-10 23:35:08.199] +151974ms MEMBER id=74 path="_root.QuestJournalFader.Menu_mc.ConfigPanel.dialog.menuList._entryList[0].text" type="string" value="Nothing"
[2026-09-10 23:35:08.199] +151974ms MEMBER id=74 path="_root.QuestJournalFader.Menu_mc.ConfigPanel.dialog.menuList._entryList[0].clipIndex" type="number" value="0"
[2026-09-10 23:35:08.199] +151974ms MEMBER id=74 path="_root.QuestJournalFader.Menu_mc.ConfigPanel.dialog.menuList._entryList[0].itemIndex" type="number" value="0"
[2026-09-10 23:35:08.199] +151974ms MEMBER id=74 path="_root.QuestJournalFader.Menu_mc.ConfigPanel.dialog.menuList._entryList[1]" type="object" value="{...}"
[2026-09-10 23:35:08.199] +151974ms MEMBER id=74 path="_root.QuestJournalFader.Menu_mc.ConfigPanel.dialog.menuList._entryList[1].enabled" type="bool" value="true"
[2026-09-10 23:35:08.199] +151974ms MEMBER id=74 path="_root.QuestJournalFader.Menu_mc.ConfigPanel.dialog.menuList._entryList[1].state" type="string" value="normal"
[2026-09-10 23:35:08.199] +151974ms MEMBER id=74 path="_root.QuestJournalFader.Menu_mc.ConfigPanel.dialog.menuList._entryList[1].align" type="string" value="center"
[2026-09-10 23:35:08.199] +151974ms MEMBER id=74 path="_root.QuestJournalFader.Menu_mc.ConfigPanel.dialog.menuList._entryList[1].text" type="string" value="Random"
[2026-09-10 23:35:08.199] +151974ms MEMBER id=74 path="_root.QuestJournalFader.Menu_mc.ConfigPanel.dialog.menuList._entryList[1].clipIndex" type="number" value="1"
[2026-09-10 23:35:08.199] +151974ms MEMBER id=74 path="_root.QuestJournalFader.Menu_mc.ConfigPanel.dialog.menuList._entryList[1].itemIndex" type="number" value="1"
[2026-09-10 23:35:08.199] +151974ms MEMBER id=74 path="_root.QuestJournalFader.Menu_mc.ConfigPanel.dialog.menuList._entryList[2]" type="object" value="{...}"
[2026-09-10 23:35:08.199] +151974ms MEMBER id=74 path="_root.QuestJournalFader.Menu_mc.ConfigPanel.dialog.menuList._entryList[2].enabled" type="bool" value="true"
[2026-09-10 23:35:08.199] +151974ms MEMBER id=74 path="_root.QuestJournalFader.Menu_mc.ConfigPanel.dialog.menuList._entryList[2].state" type="string" value="normal"
[2026-09-10 23:35:08.199] +151974ms MEMBER id=74 path="_root.QuestJournalFader.Menu_mc.ConfigPanel.dialog.menuList._entryList[2].align" type="string" value="center"
[2026-09-10 23:35:08.199] +151974ms MEMBER id=74 path="_root.QuestJournalFader.Menu_mc.ConfigPanel.dialog.menuList._entryList[2].text" type="string" value="Random (No Dagger)"
[2026-09-10 23:35:08.199] +151974ms MEMBER id=74 path="_root.QuestJournalFader.Menu_mc.ConfigPanel.dialog.menuList._entryList[2].clipIndex" type="number" value="2"
[2026-09-10 23:35:08.199] +151974ms MEMBER id=74 path="_root.QuestJournalFader.Menu_mc.ConfigPanel.dialog.menuList._entryList[2].itemIndex" type="number" value="2"
[2026-09-10 23:35:08.199] +151974ms MEMBER id=74 path="_root.QuestJournalFader.Menu_mc.ConfigPanel.dialog.menuList._entryList[3]" type="object" value="{...}"
[2026-09-10 23:35:08.200] +151974ms MEMBER id=74 path="_root.QuestJournalFader.Menu_mc.ConfigPanel.dialog.menuList._entryList[3].enabled" type="bool" value="true"
[2026-09-10 23:35:08.200] +151974ms MEMBER id=74 path="_root.QuestJournalFader.Menu_mc.ConfigPanel.dialog.menuList._entryList[3].state" type="string" value="normal"
[2026-09-10 23:35:08.200] +151974ms MEMBER id=74 path="_root.QuestJournalFader.Menu_mc.ConfigPanel.dialog.menuList._entryList[3].align" type="string" value="center"
[2026-09-10 23:35:08.200] +151974ms MEMBER id=74 path="_root.QuestJournalFader.Menu_mc.ConfigPanel.dialog.menuList._entryList[3].text" type="string" value="Dagger"
[2026-09-10 23:35:08.200] +151974ms MEMBER id=74 path="_root.QuestJournalFader.Menu_mc.ConfigPanel.dialog.menuList._entryList[3].clipIndex" type="number" value="3"
[2026-09-10 23:35:08.200] +151974ms MEMBER id=74 path="_root.QuestJournalFader.Menu_mc.ConfigPanel.dialog.menuList._entryList[3].itemIndex" type="number" value="3"
[2026-09-10 23:35:08.200] +151974ms MEMBER id=74 path="_root.QuestJournalFader.Menu_mc.ConfigPanel.dialog.menuList._entryList[4]" type="object" value="{...}"
[2026-09-10 23:35:08.200] +151974ms MEMBER id=74 path="_root.QuestJournalFader.Menu_mc.ConfigPanel.dialog.menuList._entryList[4].enabled" type="bool" value="true"
[2026-09-10 23:35:08.200] +151974ms MEMBER id=74 path="_root.QuestJournalFader.Menu_mc.ConfigPanel.dialog.menuList._entryList[4].state" type="string" value="normal"
[2026-09-10 23:35:08.200] +151974ms MEMBER id=74 path="_root.QuestJournalFader.Menu_mc.ConfigPanel.dialog.menuList._entryList[4].align" type="string" value="center"
[2026-09-10 23:35:08.200] +151974ms MEMBER id=74 path="_root.QuestJournalFader.Menu_mc.ConfigPanel.dialog.menuList._entryList[4].text" type="string" value="Sword"
[2026-09-10 23:35:08.200] +151974ms MEMBER id=74 path="_root.QuestJournalFader.Menu_mc.ConfigPanel.dialog.menuList._entryList[4].clipIndex" type="number" value="4"
[2026-09-10 23:35:08.200] +151974ms MEMBER id=74 path="_root.QuestJournalFader.Menu_mc.ConfigPanel.dialog.menuList._entryList[4].itemIndex" type="number" value="4"
[2026-09-10 23:35:08.200] +151974ms MEMBER id=74 path="_root.QuestJournalFader.Menu_mc.ConfigPanel.dialog.menuList._entryList[5]" type="object" value="{...}"
[2026-09-10 23:35:08.200] +151974ms MEMBER id=74 path="_root.QuestJournalFader.Menu_mc.ConfigPanel.dialog.menuList._entryList[5].enabled" type="bool" value="true"
[2026-09-10 23:35:08.200] +151974ms MEMBER id=74 path="_root.QuestJournalFader.Menu_mc.ConfigPanel.dialog.menuList._entryList[5].state" type="string" value="normal"
[2026-09-10 23:35:08.200] +151974ms MEMBER id=74 path="_root.QuestJournalFader.Menu_mc.ConfigPanel.dialog.menuList._entryList[5].align" type="string" value="center"
[2026-09-10 23:35:08.200] +151974ms MEMBER id=74 path="_root.QuestJournalFader.Menu_mc.ConfigPanel.dialog.menuList._entryList[5].text" type="string" value="Axe"
[2026-09-10 23:35:08.200] +151974ms MEMBER id=74 path="_root.QuestJournalFader.Menu_mc.ConfigPanel.dialog.menuList._entryList[5].clipIndex" type="undefined" value=""
[2026-09-10 23:35:08.200] +151974ms MEMBER id=74 path="_root.QuestJournalFader.Menu_mc.ConfigPanel.dialog.menuList._entryList[5].itemIndex" type="number" value="5"
[2026-09-10 23:35:08.200] +151974ms MEMBER id=74 path="_root.QuestJournalFader.Menu_mc.ConfigPanel.dialog.menuList._entryList[6]" type="object" value="{...}"
[2026-09-10 23:35:08.200] +151974ms MEMBER id=74 path="_root.QuestJournalFader.Menu_mc.ConfigPanel.dialog.menuList._entryList[6].enabled" type="bool" value="true"
[2026-09-10 23:35:08.200] +151974ms MEMBER id=74 path="_root.QuestJournalFader.Menu_mc.ConfigPanel.dialog.menuList._entryList[6].state" type="string" value="normal"
[2026-09-10 23:35:08.200] +151974ms MEMBER id=74 path="_root.QuestJournalFader.Menu_mc.ConfigPanel.dialog.menuList._entryList[6].align" type="string" value="center"
[2026-09-10 23:35:08.200] +151974ms MEMBER id=74 path="_root.QuestJournalFader.Menu_mc.ConfigPanel.dialog.menuList._entryList[6].text" type="string" value="Mace"
[2026-09-10 23:35:08.200] +151974ms MEMBER id=74 path="_root.QuestJournalFader.Menu_mc.ConfigPanel.dialog.menuList._entryList[6].clipIndex" type="undefined" value=""
[2026-09-10 23:35:08.200] +151974ms MEMBER id=74 path="_root.QuestJournalFader.Menu_mc.ConfigPanel.dialog.menuList._entryList[6].itemIndex" type="number" value="6"
[2026-09-10 23:35:08.200] +151974ms MEMBER id=74 path="_root.QuestJournalFader.Menu_mc.ConfigPanel.dialog.menuList._entryList[7]" type="object" value="{...}"
[2026-09-10 23:35:08.200] +151974ms MEMBER id=74 path="_root.QuestJournalFader.Menu_mc.ConfigPanel.dialog.menuList._entryList[7].enabled" type="bool" value="true"
[2026-09-10 23:35:08.200] +151974ms MEMBER id=74 path="_root.QuestJournalFader.Menu_mc.ConfigPanel.dialog.menuList._entryList[7].state" type="string" value="normal"
[2026-09-10 23:35:08.200] +151974ms MEMBER id=74 path="_root.QuestJournalFader.Menu_mc.ConfigPanel.dialog.menuList._entryList[7].align" type="string" value="center"
[2026-09-10 23:35:08.200] +151974ms MEMBER id=74 path="_root.QuestJournalFader.Menu_mc.ConfigPanel.dialog.menuList._entryList[7].text" type="string" value="Scimitar"
[2026-09-10 23:35:08.200] +151974ms MEMBER id=74 path="_root.QuestJournalFader.Menu_mc.ConfigPanel.dialog.menuList._entryList[7].clipIndex" type="undefined" value=""
[2026-09-10 23:35:08.200] +151974ms MEMBER id=74 path="_root.QuestJournalFader.Menu_mc.ConfigPanel.dialog.menuList._entryList[7].itemIndex" type="number" value="7"
[2026-09-10 23:35:08.200] +151974ms RESULT id=74 op="gfx.dump" ok=1 menu="Journal Menu" path="_root.QuestJournalFader.Menu_mc.ConfigPanel.dialog.menuList._entryList" depth=2 members_logged=57
[2026-09-10 23:35:08.200] +151975ms BATCH_DONE n=24 commands=4 archived=1
[2026-09-10 23:35:08.703] +152477ms BATCH_CLAIMED n=25 stamp="20260911-043508"
[2026-09-10 23:35:08.703] +152477ms COMMAND id=75 op="input.tap" raw="{'event':'Down','code':208,'op':'input.tap'}"
[2026-09-10 23:35:08.703] +152478ms INPUT_SENT id=75 device=0 user_event="Down" code=208 value=1 held=0
[2026-09-10 23:35:08.787] +152562ms INPUT_SENT id=75 device=0 user_event="Down" code=208 value=0 held=0.08
[2026-09-10 23:35:08.788] +152562ms RESULT id=75 op="input.tap" ok=1 down_ok=1 up_ok=1 hold_ms=80
[2026-09-10 23:35:08.788] +152562ms COMMAND id=76 op="gfx.get" raw="{'path':'_root.QuestJournalFader.Menu_mc.ConfigPanel.dialog.menuList.selectedEntry.text','menu':'Journal Menu','op':'gfx.get'}"
[2026-09-10 23:35:08.796] +152570ms RESULT id=76 op="gfx.get" ok=1 menu="Journal Menu" path="_root.QuestJournalFader.Menu_mc.ConfigPanel.dialog.menuList.selectedEntry.text" type="string" value="Random"
[2026-09-10 23:35:08.797] +152571ms BATCH_DONE n=25 commands=2 archived=1
[2026-09-10 23:35:09.299] +153073ms BATCH_CLAIMED n=26 stamp="20260911-043509"
[2026-09-10 23:35:09.299] +153073ms COMMAND id=77 op="input.tap" raw="{'event':'Accept','code':28,'op':'input.tap'}"
[2026-09-10 23:35:09.300] +153075ms INPUT_SENT id=77 device=0 user_event="Accept" code=28 value=1 held=0
[2026-09-10 23:35:09.384] +153158ms INPUT_SENT id=77 device=0 user_event="Accept" code=28 value=0 held=0.08
[2026-09-10 23:35:09.384] +153158ms RESULT id=77 op="input.tap" ok=1 down_ok=1 up_ok=1 hold_ms=80
[2026-09-10 23:35:09.384] +153158ms COMMAND id=78 op="wait" raw="{'ms':400,'op':'wait'}"
[2026-09-10 23:35:09.784] +153559ms RESULT id=78 op="wait" ok=1 ms=400
[2026-09-10 23:35:09.784] +153559ms COMMAND id=79 op="gfx.get" raw="{'path':'_root.QuestJournalFader.Menu_mc.ConfigPanel.dialog.menuList._selectedIndex','menu':'Journal Menu','op':'gfx.get'}"
[2026-09-10 23:35:09.787] +153562ms RESULT id=79 op="gfx.get" ok=1 menu="Journal Menu" path="_root.QuestJournalFader.Menu_mc.ConfigPanel.dialog.menuList._selectedIndex" type="number" value="1"
[2026-09-10 23:35:09.788] +153563ms BATCH_DONE n=26 commands=3 archived=1
[2026-09-10 23:35:10.040] +153814ms BATCH_CLAIMED n=27 stamp="20260911-043510"
[2026-09-10 23:35:10.040] +153814ms COMMAND id=80 op="input.tap" raw="{'event':'Cancel','code':1,'op':'input.tap'}"
[2026-09-10 23:35:10.048] +153822ms INPUT_SENT id=80 device=0 user_event="Cancel" code=1 value=1 held=0
[2026-09-10 23:35:10.132] +153906ms INPUT_SENT id=80 device=0 user_event="Cancel" code=1 value=0 held=0.08
[2026-09-10 23:35:10.132] +153907ms RESULT id=80 op="input.tap" ok=1 down_ok=1 up_ok=1 hold_ms=80
[2026-09-10 23:35:10.132] +153907ms COMMAND id=81 op="wait" raw="{'ms':800,'op':'wait'}"
[2026-09-10 23:35:10.932] +154707ms RESULT id=81 op="wait" ok=1 ms=800
[2026-09-10 23:35:10.932] +154707ms COMMAND id=82 op="gfx.get" raw="{'path':'_root.QuestJournalFader.Menu_mc.ConfigPanel._optionsList._entryList.6.strValue','menu':'Journal Menu','op':'gfx.get'}"
[2026-09-10 23:35:10.939] +154713ms RESULT id=82 op="gfx.get" ok=1 menu="Journal Menu" path="_root.QuestJournalFader.Menu_mc.ConfigPanel._optionsList._entryList.6.strValue" type="string" value="$SU_Random"
[2026-09-10 23:35:10.939] +154713ms COMMAND id=83 op="gfx.get" raw="{'path':'_root.QuestJournalFader.Menu_mc.ConfigPanel.dialog._visible','menu':'Journal Menu','op':'gfx.get'}"
[2026-09-10 23:35:10.948] +154722ms RESULT id=83 op="gfx.get" ok=0 menu="Journal Menu" path="_root.QuestJournalFader.Menu_mc.ConfigPanel.dialog._visible" type="undefined" value=""
[2026-09-10 23:35:10.949] +154723ms BATCH_DONE n=27 commands=4 archived=1
[2026-09-10 23:35:11.953] +155727ms BATCH_CLAIMED n=28 stamp="20260911-043511"
[2026-09-10 23:35:11.953] +155727ms COMMAND id=84 op="input.tap" raw="{'code':208,'op':'input.tap','event':'Down'}"
[2026-09-10 23:35:11.956] +155730ms INPUT_SENT id=84 device=0 user_event="Down" code=208 value=1 held=0
[2026-09-10 23:35:12.040] +155815ms INPUT_SENT id=84 device=0 user_event="Down" code=208 value=0 held=0.08
[2026-09-10 23:35:12.040] +155815ms RESULT id=84 op="input.tap" ok=1 down_ok=1 up_ok=1 hold_ms=80
[2026-09-10 23:35:12.040] +155815ms COMMAND id=85 op="gfx.get" raw="{'path':'_root.QuestJournalFader.Menu_mc.ConfigPanel._optionsList._selectedIndex','op':'gfx.get','menu':'Journal Menu'}"
[2026-09-10 23:35:12.049] +155823ms RESULT id=85 op="gfx.get" ok=1 menu="Journal Menu" path="_root.QuestJournalFader.Menu_mc.ConfigPanel._optionsList._selectedIndex" type="number" value="8"
[2026-09-10 23:35:12.049] +155823ms COMMAND id=86 op="gfx.get" raw="{'path':'_root.QuestJournalFader.Menu_mc.ConfigPanel._optionsList.selectedEntry.text','op':'gfx.get','menu':'Journal Menu'}"
[2026-09-10 23:35:12.057] +155831ms RESULT id=86 op="gfx.get" ok=1 menu="Journal Menu" path="_root.QuestJournalFader.Menu_mc.ConfigPanel._optionsList.selectedEntry.text" type="string" value="One-Handed Combination"
[2026-09-10 23:35:12.058] +155833ms BATCH_DONE n=28 commands=3 archived=1
[2026-09-10 23:35:12.811] +156585ms BATCH_CLAIMED n=29 stamp="20260911-043512"
[2026-09-10 23:35:12.811] +156585ms COMMAND id=87 op="input.tap" raw="{'op':'input.tap','event':'Accept','code':28}"
[2026-09-10 23:35:12.813] +156588ms INPUT_SENT id=87 device=0 user_event="Accept" code=28 value=1 held=0
[2026-09-10 23:35:12.897] +156672ms INPUT_SENT id=87 device=0 user_event="Accept" code=28 value=0 held=0.08
[2026-09-10 23:35:12.898] +156672ms RESULT id=87 op="input.tap" ok=1 down_ok=1 up_ok=1 hold_ms=80
[2026-09-10 23:35:12.898] +156672ms COMMAND id=88 op="wait" raw="{'op':'wait','ms':800}"
[2026-09-10 23:35:13.698] +157472ms RESULT id=88 op="wait" ok=1 ms=800
[2026-09-10 23:35:13.698] +157472ms COMMAND id=89 op="gfx.get" raw="{'op':'gfx.get','path':'_root.QuestJournalFader.Menu_mc.ConfigPanel.dialog._visible','menu':'Journal Menu'}"
[2026-09-10 23:35:13.704] +157478ms RESULT id=89 op="gfx.get" ok=1 menu="Journal Menu" path="_root.QuestJournalFader.Menu_mc.ConfigPanel.dialog._visible" type="bool" value="true"
[2026-09-10 23:35:13.704] +157479ms COMMAND id=90 op="gfx.dump" raw="{'op':'gfx.dump','path':'_root.QuestJournalFader.Menu_mc.ConfigPanel.dialog.menuList._entryList','max':80,'depth':2,'menu':'Journal Menu'}"
[2026-09-10 23:35:13.712] +157487ms MEMBER id=90 path="_root.QuestJournalFader.Menu_mc.ConfigPanel.dialog.menuList._entryList" type="array" value="size=4"
[2026-09-10 23:35:13.713] +157487ms MEMBER id=90 path="_root.QuestJournalFader.Menu_mc.ConfigPanel.dialog.menuList._entryList[0]" type="object" value="{...}"
[2026-09-10 23:35:13.713] +157487ms MEMBER id=90 path="_root.QuestJournalFader.Menu_mc.ConfigPanel.dialog.menuList._entryList[0].enabled" type="bool" value="true"
[2026-09-10 23:35:13.713] +157487ms MEMBER id=90 path="_root.QuestJournalFader.Menu_mc.ConfigPanel.dialog.menuList._entryList[0].state" type="string" value="normal"
[2026-09-10 23:35:13.713] +157487ms MEMBER id=90 path="_root.QuestJournalFader.Menu_mc.ConfigPanel.dialog.menuList._entryList[0].align" type="string" value="center"
[2026-09-10 23:35:13.713] +157487ms MEMBER id=90 path="_root.QuestJournalFader.Menu_mc.ConfigPanel.dialog.menuList._entryList[0].text" type="string" value="Random"
[2026-09-10 23:35:13.713] +157487ms MEMBER id=90 path="_root.QuestJournalFader.Menu_mc.ConfigPanel.dialog.menuList._entryList[0].clipIndex" type="number" value="0"
[2026-09-10 23:35:13.713] +157487ms MEMBER id=90 path="_root.QuestJournalFader.Menu_mc.ConfigPanel.dialog.menuList._entryList[0].itemIndex" type="number" value="0"
[2026-09-10 23:35:13.713] +157487ms MEMBER id=90 path="_root.QuestJournalFader.Menu_mc.ConfigPanel.dialog.menuList._entryList[1]" type="object" value="{...}"
[2026-09-10 23:35:13.713] +157487ms MEMBER id=90 path="_root.QuestJournalFader.Menu_mc.ConfigPanel.dialog.menuList._entryList[1].enabled" type="bool" value="true"
[2026-09-10 23:35:13.713] +157487ms MEMBER id=90 path="_root.QuestJournalFader.Menu_mc.ConfigPanel.dialog.menuList._entryList[1].state" type="string" value="normal"
[2026-09-10 23:35:13.713] +157487ms MEMBER id=90 path="_root.QuestJournalFader.Menu_mc.ConfigPanel.dialog.menuList._entryList[1].align" type="string" value="center"
[2026-09-10 23:35:13.713] +157487ms MEMBER id=90 path="_root.QuestJournalFader.Menu_mc.ConfigPanel.dialog.menuList._entryList[1].text" type="string" value="Single"
[2026-09-10 23:35:13.713] +157487ms MEMBER id=90 path="_root.QuestJournalFader.Menu_mc.ConfigPanel.dialog.menuList._entryList[1].clipIndex" type="number" value="1"
[2026-09-10 23:35:13.713] +157487ms MEMBER id=90 path="_root.QuestJournalFader.Menu_mc.ConfigPanel.dialog.menuList._entryList[1].itemIndex" type="number" value="1"
[2026-09-10 23:35:13.713] +157487ms MEMBER id=90 path="_root.QuestJournalFader.Menu_mc.ConfigPanel.dialog.menuList._entryList[2]" type="object" value="{...}"
[2026-09-10 23:35:13.713] +157487ms MEMBER id=90 path="_root.QuestJournalFader.Menu_mc.ConfigPanel.dialog.menuList._entryList[2].enabled" type="bool" value="true"
[2026-09-10 23:35:13.713] +157487ms MEMBER id=90 path="_root.QuestJournalFader.Menu_mc.ConfigPanel.dialog.menuList._entryList[2].state" type="string" value="normal"
[2026-09-10 23:35:13.713] +157487ms MEMBER id=90 path="_root.QuestJournalFader.Menu_mc.ConfigPanel.dialog.menuList._entryList[2].align" type="string" value="center"
[2026-09-10 23:35:13.713] +157487ms MEMBER id=90 path="_root.QuestJournalFader.Menu_mc.ConfigPanel.dialog.menuList._entryList[2].text" type="string" value="Shield"
[2026-09-10 23:35:13.713] +157487ms MEMBER id=90 path="_root.QuestJournalFader.Menu_mc.ConfigPanel.dialog.menuList._entryList[2].clipIndex" type="number" value="2"
[2026-09-10 23:35:13.713] +157487ms MEMBER id=90 path="_root.QuestJournalFader.Menu_mc.ConfigPanel.dialog.menuList._entryList[2].itemIndex" type="number" value="2"
[2026-09-10 23:35:13.713] +157487ms MEMBER id=90 path="_root.QuestJournalFader.Menu_mc.ConfigPanel.dialog.menuList._entryList[3]" type="object" value="{...}"
[2026-09-10 23:35:13.713] +157487ms MEMBER id=90 path="_root.QuestJournalFader.Menu_mc.ConfigPanel.dialog.menuList._entryList[3].enabled" type="bool" value="true"
[2026-09-10 23:35:13.713] +157487ms MEMBER id=90 path="_root.QuestJournalFader.Menu_mc.ConfigPanel.dialog.menuList._entryList[3].state" type="string" value="normal"
[2026-09-10 23:35:13.713] +157487ms MEMBER id=90 path="_root.QuestJournalFader.Menu_mc.ConfigPanel.dialog.menuList._entryList[3].align" type="string" value="center"
[2026-09-10 23:35:13.713] +157487ms MEMBER id=90 path="_root.QuestJournalFader.Menu_mc.ConfigPanel.dialog.menuList._entryList[3].text" type="string" value="Dual"
[2026-09-10 23:35:13.713] +157487ms MEMBER id=90 path="_root.QuestJournalFader.Menu_mc.ConfigPanel.dialog.menuList._entryList[3].clipIndex" type="number" value="3"
[2026-09-10 23:35:13.713] +157487ms MEMBER id=90 path="_root.QuestJournalFader.Menu_mc.ConfigPanel.dialog.menuList._entryList[3].itemIndex" type="number" value="3"
[2026-09-10 23:35:13.713] +157487ms RESULT id=90 op="gfx.dump" ok=1 menu="Journal Menu" path="_root.QuestJournalFader.Menu_mc.ConfigPanel.dialog.menuList._entryList" depth=2 members_logged=29
[2026-09-10 23:35:13.715] +157489ms BATCH_DONE n=29 commands=4 archived=1
[2026-09-10 23:35:13.967] +157741ms BATCH_CLAIMED n=30 stamp="20260911-043513"
[2026-09-10 23:35:13.967] +157742ms COMMAND id=91 op="gfx.get" raw="{'op':'gfx.get','path':'_root.QuestJournalFader.Menu_mc.ConfigPanel.dialog.menuList.selectedEntry.text','menu':'Journal Menu'}"
[2026-09-10 23:35:13.973] +157747ms RESULT id=91 op="gfx.get" ok=1 menu="Journal Menu" path="_root.QuestJournalFader.Menu_mc.ConfigPanel.dialog.menuList.selectedEntry.text" type="string" value="Random"
[2026-09-10 23:35:13.974] +157748ms BATCH_DONE n=30 commands=1 archived=1
[2026-09-10 23:35:14.225] +158000ms BATCH_CLAIMED n=31 stamp="20260911-043514"
[2026-09-10 23:35:14.225] +158000ms COMMAND id=92 op="input.tap" raw="{'op':'input.tap','event':'Accept','code':28}"
[2026-09-10 23:35:14.234] +158008ms INPUT_SENT id=92 device=0 user_event="Accept" code=28 value=1 held=0
[2026-09-10 23:35:14.318] +158092ms INPUT_SENT id=92 device=0 user_event="Accept" code=28 value=0 held=0.08
[2026-09-10 23:35:14.318] +158092ms RESULT id=92 op="input.tap" ok=1 down_ok=1 up_ok=1 hold_ms=80
[2026-09-10 23:35:14.318] +158092ms COMMAND id=93 op="wait" raw="{'op':'wait','ms':400}"
[2026-09-10 23:35:14.718] +158492ms RESULT id=93 op="wait" ok=1 ms=400
[2026-09-10 23:35:14.718] +158492ms COMMAND id=94 op="gfx.get" raw="{'op':'gfx.get','path':'_root.QuestJournalFader.Menu_mc.ConfigPanel.dialog.menuList._selectedIndex','menu':'Journal Menu'}"
[2026-09-10 23:35:14.721] +158495ms RESULT id=94 op="gfx.get" ok=1 menu="Journal Menu" path="_root.QuestJournalFader.Menu_mc.ConfigPanel.dialog.menuList._selectedIndex" type="number" value="0"
[2026-09-10 23:35:14.722] +158496ms BATCH_DONE n=31 commands=3 archived=1
[2026-09-10 23:35:15.224] +158998ms BATCH_CLAIMED n=32 stamp="20260911-043515"
[2026-09-10 23:35:15.224] +158999ms COMMAND id=95 op="input.tap" raw="{'op':'input.tap','event':'Cancel','code':1}"
[2026-09-10 23:35:15.225] +159000ms INPUT_SENT id=95 device=0 user_event="Cancel" code=1 value=1 held=0
[2026-09-10 23:35:15.309] +159084ms INPUT_SENT id=95 device=0 user_event="Cancel" code=1 value=0 held=0.08
[2026-09-10 23:35:15.309] +159084ms RESULT id=95 op="input.tap" ok=1 down_ok=1 up_ok=1 hold_ms=80
[2026-09-10 23:35:15.309] +159084ms COMMAND id=96 op="wait" raw="{'op':'wait','ms':800}"
[2026-09-10 23:35:16.110] +159884ms RESULT id=96 op="wait" ok=1 ms=800
[2026-09-10 23:35:16.110] +159884ms COMMAND id=97 op="gfx.get" raw="{'op':'gfx.get','path':'_root.QuestJournalFader.Menu_mc.ConfigPanel._optionsList._entryList.8.strValue','menu':'Journal Menu'}"
[2026-09-10 23:35:16.116] +159890ms RESULT id=97 op="gfx.get" ok=1 menu="Journal Menu" path="_root.QuestJournalFader.Menu_mc.ConfigPanel._optionsList._entryList.8.strValue" type="string" value="$SU_Random"
[2026-09-10 23:35:16.116] +159890ms COMMAND id=98 op="gfx.get" raw="{'op':'gfx.get','path':'_root.QuestJournalFader.Menu_mc.ConfigPanel.dialog._visible','menu':'Journal Menu'}"
[2026-09-10 23:35:16.124] +159899ms RESULT id=98 op="gfx.get" ok=0 menu="Journal Menu" path="_root.QuestJournalFader.Menu_mc.ConfigPanel.dialog._visible" type="undefined" value=""
[2026-09-10 23:35:16.125] +159900ms BATCH_DONE n=32 commands=4 archived=1
[2026-09-10 23:35:17.129] +160903ms BATCH_CLAIMED n=33 stamp="20260911-043517"
[2026-09-10 23:35:17.129] +160904ms COMMAND id=99 op="input.tap" raw="{'event':'Down','op':'input.tap','code':208}"
[2026-09-10 23:35:17.133] +160907ms INPUT_SENT id=99 device=0 user_event="Down" code=208 value=1 held=0
[2026-09-10 23:35:17.217] +160991ms INPUT_SENT id=99 device=0 user_event="Down" code=208 value=0 held=0.08
[2026-09-10 23:35:17.217] +160991ms RESULT id=99 op="input.tap" ok=1 down_ok=1 up_ok=1 hold_ms=80
[2026-09-10 23:35:17.217] +160991ms COMMAND id=100 op="input.tap" raw="{'event':'Down','op':'input.tap','code':208}"
[2026-09-10 23:35:17.225] +161000ms INPUT_SENT id=100 device=0 user_event="Down" code=208 value=1 held=0
[2026-09-10 23:35:17.309] +161084ms INPUT_SENT id=100 device=0 user_event="Down" code=208 value=0 held=0.08
[2026-09-10 23:35:17.309] +161084ms RESULT id=100 op="input.tap" ok=1 down_ok=1 up_ok=1 hold_ms=80
[2026-09-10 23:35:17.309] +161084ms COMMAND id=101 op="input.tap" raw="{'event':'Down','op':'input.tap','code':208}"
[2026-09-10 23:35:17.318] +161092ms INPUT_SENT id=101 device=0 user_event="Down" code=208 value=1 held=0
[2026-09-10 23:35:17.402] +161176ms INPUT_SENT id=101 device=0 user_event="Down" code=208 value=0 held=0.08
[2026-09-10 23:35:17.402] +161176ms RESULT id=101 op="input.tap" ok=1 down_ok=1 up_ok=1 hold_ms=80
[2026-09-10 23:35:17.402] +161176ms COMMAND id=102 op="gfx.get" raw="{'path':'_root.QuestJournalFader.Menu_mc.ConfigPanel._optionsList._selectedIndex','op':'gfx.get','menu':'Journal Menu'}"
[2026-09-10 23:35:17.410] +161185ms RESULT id=102 op="gfx.get" ok=1 menu="Journal Menu" path="_root.QuestJournalFader.Menu_mc.ConfigPanel._optionsList._selectedIndex" type="number" value="14"
[2026-09-10 23:35:17.411] +161185ms COMMAND id=103 op="gfx.get" raw="{'path':'_root.QuestJournalFader.Menu_mc.ConfigPanel._optionsList.selectedEntry.text','op':'gfx.get','menu':'Journal Menu'}"
[2026-09-10 23:35:17.419] +161193ms RESULT id=103 op="gfx.get" ok=1 menu="Journal Menu" path="_root.QuestJournalFader.Menu_mc.ConfigPanel._optionsList.selectedEntry.text" type="string" value="Staff"
[2026-09-10 23:35:17.420] +161194ms BATCH_DONE n=33 commands=5 archived=1
[2026-09-10 23:35:18.422] +162196ms BATCH_CLAIMED n=34 stamp="20260911-043518"
[2026-09-10 23:35:18.422] +162196ms COMMAND id=104 op="input.tap" raw="{'code':28,'op':'input.tap','event':'Accept'}"
[2026-09-10 23:35:18.427] +162201ms INPUT_SENT id=104 device=0 user_event="Accept" code=28 value=1 held=0
[2026-09-10 23:35:18.511] +162285ms INPUT_SENT id=104 device=0 user_event="Accept" code=28 value=0 held=0.08
[2026-09-10 23:35:18.511] +162285ms RESULT id=104 op="input.tap" ok=1 down_ok=1 up_ok=1 hold_ms=80
[2026-09-10 23:35:18.511] +162285ms COMMAND id=105 op="wait" raw="{'op':'wait','ms':800}"
[2026-09-10 23:35:19.311] +163086ms RESULT id=105 op="wait" ok=1 ms=800
[2026-09-10 23:35:19.311] +163086ms COMMAND id=106 op="gfx.get" raw="{'path':'_root.QuestJournalFader.Menu_mc.ConfigPanel.dialog._visible','op':'gfx.get','menu':'Journal Menu'}"
[2026-09-10 23:35:19.318] +163092ms RESULT id=106 op="gfx.get" ok=1 menu="Journal Menu" path="_root.QuestJournalFader.Menu_mc.ConfigPanel.dialog._visible" type="bool" value="true"
[2026-09-10 23:35:19.318] +163092ms COMMAND id=107 op="gfx.dump" raw="{'max':80,'menu':'Journal Menu','op':'gfx.dump','depth':2,'path':'_root.QuestJournalFader.Menu_mc.ConfigPanel.dialog.menuList._entryList'}"
[2026-09-10 23:35:19.326] +163101ms MEMBER id=107 path="_root.QuestJournalFader.Menu_mc.ConfigPanel.dialog.menuList._entryList" type="array" value="size=23"
[2026-09-10 23:35:19.326] +163101ms MEMBER id=107 path="_root.QuestJournalFader.Menu_mc.ConfigPanel.dialog.menuList._entryList[0]" type="object" value="{...}"
[2026-09-10 23:35:19.326] +163101ms MEMBER id=107 path="_root.QuestJournalFader.Menu_mc.ConfigPanel.dialog.menuList._entryList[0].enabled" type="bool" value="true"
[2026-09-10 23:35:19.326] +163101ms MEMBER id=107 path="_root.QuestJournalFader.Menu_mc.ConfigPanel.dialog.menuList._entryList[0].state" type="string" value="normal"
[2026-09-10 23:35:19.326] +163101ms MEMBER id=107 path="_root.QuestJournalFader.Menu_mc.ConfigPanel.dialog.menuList._entryList[0].align" type="string" value="center"
[2026-09-10 23:35:19.326] +163101ms MEMBER id=107 path="_root.QuestJournalFader.Menu_mc.ConfigPanel.dialog.menuList._entryList[0].text" type="string" value="Nothing"
[2026-09-10 23:35:19.326] +163101ms MEMBER id=107 path="_root.QuestJournalFader.Menu_mc.ConfigPanel.dialog.menuList._entryList[0].clipIndex" type="number" value="0"
[2026-09-10 23:35:19.326] +163101ms MEMBER id=107 path="_root.QuestJournalFader.Menu_mc.ConfigPanel.dialog.menuList._entryList[0].itemIndex" type="number" value="0"
[2026-09-10 23:35:19.326] +163101ms MEMBER id=107 path="_root.QuestJournalFader.Menu_mc.ConfigPanel.dialog.menuList._entryList[1]" type="object" value="{...}"
[2026-09-10 23:35:19.326] +163101ms MEMBER id=107 path="_root.QuestJournalFader.Menu_mc.ConfigPanel.dialog.menuList._entryList[1].enabled" type="bool" value="true"
[2026-09-10 23:35:19.326] +163101ms MEMBER id=107 path="_root.QuestJournalFader.Menu_mc.ConfigPanel.dialog.menuList._entryList[1].state" type="string" value="normal"
[2026-09-10 23:35:19.326] +163101ms MEMBER id=107 path="_root.QuestJournalFader.Menu_mc.ConfigPanel.dialog.menuList._entryList[1].align" type="string" value="center"
[2026-09-10 23:35:19.326] +163101ms MEMBER id=107 path="_root.QuestJournalFader.Menu_mc.ConfigPanel.dialog.menuList._entryList[1].text" type="string" value="Random"
[2026-09-10 23:35:19.326] +163101ms MEMBER id=107 path="_root.QuestJournalFader.Menu_mc.ConfigPanel.dialog.menuList._entryList[1].clipIndex" type="number" value="1"
[2026-09-10 23:35:19.326] +163101ms MEMBER id=107 path="_root.QuestJournalFader.Menu_mc.ConfigPanel.dialog.menuList._entryList[1].itemIndex" type="number" value="1"
[2026-09-10 23:35:19.326] +163101ms MEMBER id=107 path="_root.QuestJournalFader.Menu_mc.ConfigPanel.dialog.menuList._entryList[2]" type="object" value="{...}"
[2026-09-10 23:35:19.326] +163101ms MEMBER id=107 path="_root.QuestJournalFader.Menu_mc.ConfigPanel.dialog.menuList._entryList[2].enabled" type="bool" value="true"
[2026-09-10 23:35:19.326] +163101ms MEMBER id=107 path="_root.QuestJournalFader.Menu_mc.ConfigPanel.dialog.menuList._entryList[2].state" type="string" value="normal"
[2026-09-10 23:35:19.326] +163101ms MEMBER id=107 path="_root.QuestJournalFader.Menu_mc.ConfigPanel.dialog.menuList._entryList[2].align" type="string" value="center"
[2026-09-10 23:35:19.326] +163101ms MEMBER id=107 path="_root.QuestJournalFader.Menu_mc.ConfigPanel.dialog.menuList._entryList[2].text" type="string" value="Alteration - Random"
[2026-09-10 23:35:19.326] +163101ms MEMBER id=107 path="_root.QuestJournalFader.Menu_mc.ConfigPanel.dialog.menuList._entryList[2].clipIndex" type="number" value="2"
[2026-09-10 23:35:19.326] +163101ms MEMBER id=107 path="_root.QuestJournalFader.Menu_mc.ConfigPanel.dialog.menuList._entryList[2].itemIndex" type="number" value="2"
[2026-09-10 23:35:19.326] +163101ms MEMBER id=107 path="_root.QuestJournalFader.Menu_mc.ConfigPanel.dialog.menuList._entryList[3]" type="object" value="{...}"
[2026-09-10 23:35:19.326] +163101ms MEMBER id=107 path="_root.QuestJournalFader.Menu_mc.ConfigPanel.dialog.menuList._entryList[3].enabled" type="bool" value="true"
[2026-09-10 23:35:19.326] +163101ms MEMBER id=107 path="_root.QuestJournalFader.Menu_mc.ConfigPanel.dialog.menuList._entryList[3].state" type="string" value="normal"
[2026-09-10 23:35:19.326] +163101ms MEMBER id=107 path="_root.QuestJournalFader.Menu_mc.ConfigPanel.dialog.menuList._entryList[3].align" type="string" value="center"
[2026-09-10 23:35:19.326] +163101ms MEMBER id=107 path="_root.QuestJournalFader.Menu_mc.ConfigPanel.dialog.menuList._entryList[3].text" type="string" value="Alteration - Staff of Magelight"
[2026-09-10 23:35:19.326] +163101ms MEMBER id=107 path="_root.QuestJournalFader.Menu_mc.ConfigPanel.dialog.menuList._entryList[3].clipIndex" type="number" value="3"
[2026-09-10 23:35:19.326] +163101ms MEMBER id=107 path="_root.QuestJournalFader.Menu_mc.ConfigPanel.dialog.menuList._entryList[3].itemIndex" type="number" value="3"
[2026-09-10 23:35:19.326] +163101ms MEMBER id=107 path="_root.QuestJournalFader.Menu_mc.ConfigPanel.dialog.menuList._entryList[4]" type="object" value="{...}"
[2026-09-10 23:35:19.326] +163101ms MEMBER id=107 path="_root.QuestJournalFader.Menu_mc.ConfigPanel.dialog.menuList._entryList[4].enabled" type="bool" value="true"
[2026-09-10 23:35:19.326] +163101ms MEMBER id=107 path="_root.QuestJournalFader.Menu_mc.ConfigPanel.dialog.menuList._entryList[4].state" type="string" value="normal"
[2026-09-10 23:35:19.326] +163101ms MEMBER id=107 path="_root.QuestJournalFader.Menu_mc.ConfigPanel.dialog.menuList._entryList[4].align" type="string" value="center"
[2026-09-10 23:35:19.326] +163101ms MEMBER id=107 path="_root.QuestJournalFader.Menu_mc.ConfigPanel.dialog.menuList._entryList[4].text" type="string" value="Conjuration - Random"
[2026-09-10 23:35:19.326] +163101ms MEMBER id=107 path="_root.QuestJournalFader.Menu_mc.ConfigPanel.dialog.menuList._entryList[4].clipIndex" type="number" value="4"
[2026-09-10 23:35:19.326] +163101ms MEMBER id=107 path="_root.QuestJournalFader.Menu_mc.ConfigPanel.dialog.menuList._entryList[4].itemIndex" type="number" value="4"
[2026-09-10 23:35:19.326] +163101ms MEMBER id=107 path="_root.QuestJournalFader.Menu_mc.ConfigPanel.dialog.menuList._entryList[5]" type="object" value="{...}"
[2026-09-10 23:35:19.326] +163101ms MEMBER id=107 path="_root.QuestJournalFader.Menu_mc.ConfigPanel.dialog.menuList._entryList[5].enabled" type="bool" value="true"
[2026-09-10 23:35:19.326] +163101ms MEMBER id=107 path="_root.QuestJournalFader.Menu_mc.ConfigPanel.dialog.menuList._entryList[5].state" type="string" value="normal"
[2026-09-10 23:35:19.326] +163101ms MEMBER id=107 path="_root.QuestJournalFader.Menu_mc.ConfigPanel.dialog.menuList._entryList[5].align" type="string" value="center"
[2026-09-10 23:35:19.326] +163101ms MEMBER id=107 path="_root.QuestJournalFader.Menu_mc.ConfigPanel.dialog.menuList._entryList[5].text" type="string" value="Conjuration - Staff of the Familiar"
[2026-09-10 23:35:19.326] +163101ms MEMBER id=107 path="_root.QuestJournalFader.Menu_mc.ConfigPanel.dialog.menuList._entryList[5].clipIndex" type="undefined" value=""
[2026-09-10 23:35:19.326] +163101ms MEMBER id=107 path="_root.QuestJournalFader.Menu_mc.ConfigPanel.dialog.menuList._entryList[5].itemIndex" type="number" value="5"
[2026-09-10 23:35:19.326] +163101ms MEMBER id=107 path="_root.QuestJournalFader.Menu_mc.ConfigPanel.dialog.menuList._entryList[6]" type="object" value="{...}"
[2026-09-10 23:35:19.326] +163101ms MEMBER id=107 path="_root.QuestJournalFader.Menu_mc.ConfigPanel.dialog.menuList._entryList[6].enabled" type="bool" value="true"
[2026-09-10 23:35:19.326] +163101ms MEMBER id=107 path="_root.QuestJournalFader.Menu_mc.ConfigPanel.dialog.menuList._entryList[6].state" type="string" value="normal"
[2026-09-10 23:35:19.326] +163101ms MEMBER id=107 path="_root.QuestJournalFader.Menu_mc.ConfigPanel.dialog.menuList._entryList[6].align" type="string" value="center"
[2026-09-10 23:35:19.326] +163101ms MEMBER id=107 path="_root.QuestJournalFader.Menu_mc.ConfigPanel.dialog.menuList._entryList[6].text" type="string" value="Conjuration - Staff of Zombies"
[2026-09-10 23:35:19.326] +163101ms MEMBER id=107 path="_root.QuestJournalFader.Menu_mc.ConfigPanel.dialog.menuList._entryList[6].clipIndex" type="undefined" value=""
[2026-09-10 23:35:19.326] +163101ms MEMBER id=107 path="_root.QuestJournalFader.Menu_mc.ConfigPanel.dialog.menuList._entryList[6].itemIndex" type="number" value="6"
[2026-09-10 23:35:19.326] +163101ms MEMBER id=107 path="_root.QuestJournalFader.Menu_mc.ConfigPanel.dialog.menuList._entryList[7]" type="object" value="{...}"
[2026-09-10 23:35:19.326] +163101ms MEMBER id=107 path="_root.QuestJournalFader.Menu_mc.ConfigPanel.dialog.menuList._entryList[7].enabled" type="bool" value="true"
[2026-09-10 23:35:19.326] +163101ms MEMBER id=107 path="_root.QuestJournalFader.Menu_mc.ConfigPanel.dialog.menuList._entryList[7].state" type="string" value="normal"
[2026-09-10 23:35:19.326] +163101ms MEMBER id=107 path="_root.QuestJournalFader.Menu_mc.ConfigPanel.dialog.menuList._entryList[7].align" type="string" value="center"
[2026-09-10 23:35:19.326] +163101ms MEMBER id=107 path="_root.QuestJournalFader.Menu_mc.ConfigPanel.dialog.menuList._entryList[7].text" type="string" value="Conjuration - Staff of Flesh"
[2026-09-10 23:35:19.326] +163101ms MEMBER id=107 path="_root.QuestJournalFader.Menu_mc.ConfigPanel.dialog.menuList._entryList[7].clipIndex" type="undefined" value=""
[2026-09-10 23:35:19.326] +163101ms MEMBER id=107 path="_root.QuestJournalFader.Menu_mc.ConfigPanel.dialog.menuList._entryList[7].itemIndex" type="number" value="7"
[2026-09-10 23:35:19.326] +163101ms MEMBER id=107 path="_root.QuestJournalFader.Menu_mc.ConfigPanel.dialog.menuList._entryList[8]" type="object" value="{...}"
[2026-09-10 23:35:19.326] +163101ms MEMBER id=107 path="_root.QuestJournalFader.Menu_mc.ConfigPanel.dialog.menuList._entryList[8].enabled" type="bool" value="true"
[2026-09-10 23:35:19.326] +163101ms MEMBER id=107 path="_root.QuestJournalFader.Menu_mc.ConfigPanel.dialog.menuList._entryList[8].state" type="string" value="normal"
[2026-09-10 23:35:19.326] +163101ms MEMBER id=107 path="_root.QuestJournalFader.Menu_mc.ConfigPanel.dialog.menuList._entryList[8].align" type="string" value="center"
[2026-09-10 23:35:19.326] +163101ms MEMBER id=107 path="_root.QuestJournalFader.Menu_mc.ConfigPanel.dialog.menuList._entryList[8].text" type="string" value="Destruction - Random"
[2026-09-10 23:35:19.326] +163101ms MEMBER id=107 path="_root.QuestJournalFader.Menu_mc.ConfigPanel.dialog.menuList._entryList[8].clipIndex" type="undefined" value=""
[2026-09-10 23:35:19.326] +163101ms MEMBER id=107 path="_root.QuestJournalFader.Menu_mc.ConfigPanel.dialog.menuList._entryList[8].itemIndex" type="number" value="8"
[2026-09-10 23:35:19.326] +163101ms MEMBER id=107 path="_root.QuestJournalFader.Menu_mc.ConfigPanel.dialog.menuList._entryList[9]" type="object" value="{...}"
[2026-09-10 23:35:19.326] +163101ms MEMBER id=107 path="_root.QuestJournalFader.Menu_mc.ConfigPanel.dialog.menuList._entryList[9].enabled" type="bool" value="true"
[2026-09-10 23:35:19.326] +163101ms MEMBER id=107 path="_root.QuestJournalFader.Menu_mc.ConfigPanel.dialog.menuList._entryList[9].state" type="string" value="normal"
[2026-09-10 23:35:19.326] +163101ms MEMBER id=107 path="_root.QuestJournalFader.Menu_mc.ConfigPanel.dialog.menuList._entryList[9].align" type="string" value="center"
[2026-09-10 23:35:19.326] +163101ms MEMBER id=107 path="_root.QuestJournalFader.Menu_mc.ConfigPanel.dialog.menuList._entryList[9].text" type="string" value="Destruction - Staff of Flames"
[2026-09-10 23:35:19.327] +163101ms MEMBER id=107 path="_root.QuestJournalFader.Menu_mc.ConfigPanel.dialog.menuList._entryList[9].clipIndex" type="undefined" value=""
[2026-09-10 23:35:19.327] +163101ms MEMBER id=107 path="_root.QuestJournalFader.Menu_mc.ConfigPanel.dialog.menuList._entryList[9].itemIndex" type="number" value="9"
[2026-09-10 23:35:19.327] +163101ms MEMBER id=107 path="_root.QuestJournalFader.Menu_mc.ConfigPanel.dialog.menuList._entryList[10]" type="object" value="{...}"
[2026-09-10 23:35:19.327] +163101ms MEMBER id=107 path="_root.QuestJournalFader.Menu_mc.ConfigPanel.dialog.menuList._entryList[10].enabled" type="bool" value="true"
[2026-09-10 23:35:19.327] +163101ms MEMBER id=107 path="_root.QuestJournalFader.Menu_mc.ConfigPanel.dialog.menuList._entryList[10].state" type="string" value="normal"
[2026-09-10 23:35:19.327] +163101ms MEMBER id=107 path="_root.QuestJournalFader.Menu_mc.ConfigPanel.dialog.menuList._entryList[10].align" type="string" value="center"
[2026-09-10 23:35:19.327] +163101ms MEMBER id=107 path="_root.QuestJournalFader.Menu_mc.ConfigPanel.dialog.menuList._entryList[10].text" type="string" value="Destruction - Staff of Frostbite"
[2026-09-10 23:35:19.327] +163101ms MEMBER id=107 path="_root.QuestJournalFader.Menu_mc.ConfigPanel.dialog.menuList._entryList[10].clipIndex" type="undefined" value=""
[2026-09-10 23:35:19.327] +163101ms MEMBER id=107 path="_root.QuestJournalFader.Menu_mc.ConfigPanel.dialog.menuList._entryList[10].itemIndex" type="number" value="10"
[2026-09-10 23:35:19.327] +163101ms MEMBER id=107 path="_root.QuestJournalFader.Menu_mc.ConfigPanel.dialog.menuList._entryList[11]" type="object" value="{...}"
[2026-09-10 23:35:19.327] +163101ms MEMBER id=107 path="_root.QuestJournalFader.Menu_mc.ConfigPanel.dialog.menuList._entryList[11].enabled" type="bool" value="true"
[2026-09-10 23:35:19.327] +163101ms RESULT id=107 op="gfx.dump" ok=1 menu="Journal Menu" path="_root.QuestJournalFader.Menu_mc.ConfigPanel.dialog.menuList._entryList" depth=2 members_logged=80
[2026-09-10 23:35:19.327] +163102ms BATCH_DONE n=34 commands=4 archived=1
[2026-09-10 23:35:19.579] +163353ms BATCH_CLAIMED n=35 stamp="20260911-043519"
[2026-09-10 23:35:19.579] +163353ms COMMAND id=108 op="gfx.get" raw="{'path':'_root.QuestJournalFader.Menu_mc.ConfigPanel.dialog.menuList.selectedEntry.text','op':'gfx.get','menu':'Journal Menu'}"
[2026-09-10 23:35:19.587] +163361ms RESULT id=108 op="gfx.get" ok=1 menu="Journal Menu" path="_root.QuestJournalFader.Menu_mc.ConfigPanel.dialog.menuList.selectedEntry.text" type="string" value="Nothing"
[2026-09-10 23:35:19.588] +163362ms BATCH_DONE n=35 commands=1 archived=1
[2026-09-10 23:35:20.093] +163868ms BATCH_CLAIMED n=36 stamp="20260911-043520"
[2026-09-10 23:35:20.094] +163868ms COMMAND id=109 op="input.tap" raw="{'code':28,'op':'input.tap','event':'Accept'}"
[2026-09-10 23:35:20.099] +163874ms INPUT_SENT id=109 device=0 user_event="Accept" code=28 value=1 held=0
[2026-09-10 23:35:20.183] +163958ms INPUT_SENT id=109 device=0 user_event="Accept" code=28 value=0 held=0.08
[2026-09-10 23:35:20.183] +163958ms RESULT id=109 op="input.tap" ok=1 down_ok=1 up_ok=1 hold_ms=80
[2026-09-10 23:35:20.183] +163958ms COMMAND id=110 op="wait" raw="{'op':'wait','ms':400}"
[2026-09-10 23:35:20.584] +164358ms RESULT id=110 op="wait" ok=1 ms=400
[2026-09-10 23:35:20.584] +164358ms COMMAND id=111 op="gfx.get" raw="{'path':'_root.QuestJournalFader.Menu_mc.ConfigPanel.dialog.menuList._selectedIndex','op':'gfx.get','menu':'Journal Menu'}"
[2026-09-10 23:35:20.587] +164361ms RESULT id=111 op="gfx.get" ok=1 menu="Journal Menu" path="_root.QuestJournalFader.Menu_mc.ConfigPanel.dialog.menuList._selectedIndex" type="number" value="0"
[2026-09-10 23:35:20.587] +164362ms BATCH_DONE n=36 commands=3 archived=1
[2026-09-10 23:35:20.839] +164613ms BATCH_CLAIMED n=37 stamp="20260911-043520"
[2026-09-10 23:35:20.839] +164613ms COMMAND id=112 op="input.tap" raw="{'code':1,'op':'input.tap','event':'Cancel'}"
[2026-09-10 23:35:20.847] +164622ms INPUT_SENT id=112 device=0 user_event="Cancel" code=1 value=1 held=0
[2026-09-10 23:35:20.931] +164706ms INPUT_SENT id=112 device=0 user_event="Cancel" code=1 value=0 held=0.08
[2026-09-10 23:35:20.931] +164706ms RESULT id=112 op="input.tap" ok=1 down_ok=1 up_ok=1 hold_ms=80
[2026-09-10 23:35:20.931] +164706ms COMMAND id=113 op="wait" raw="{'op':'wait','ms':800}"
[2026-09-10 23:35:21.732] +165506ms RESULT id=113 op="wait" ok=1 ms=800
[2026-09-10 23:35:21.732] +165506ms COMMAND id=114 op="gfx.get" raw="{'path':'_root.QuestJournalFader.Menu_mc.ConfigPanel._optionsList._entryList.14.strValue','op':'gfx.get','menu':'Journal Menu'}"
[2026-09-10 23:35:21.738] +165512ms RESULT id=114 op="gfx.get" ok=1 menu="Journal Menu" path="_root.QuestJournalFader.Menu_mc.ConfigPanel._optionsList._entryList.14.strValue" type="string" value=""
[2026-09-10 23:35:21.738] +165513ms COMMAND id=115 op="gfx.get" raw="{'path':'_root.QuestJournalFader.Menu_mc.ConfigPanel.dialog._visible','op':'gfx.get','menu':'Journal Menu'}"
[2026-09-10 23:35:21.746] +165521ms RESULT id=115 op="gfx.get" ok=0 menu="Journal Menu" path="_root.QuestJournalFader.Menu_mc.ConfigPanel.dialog._visible" type="undefined" value=""
[2026-09-10 23:35:21.748] +165522ms BATCH_DONE n=37 commands=4 archived=1
[2026-09-10 23:35:48.300] +192074ms BATCH_CLAIMED n=38 stamp="20260911-043548"
[2026-09-10 23:35:48.300] +192074ms COMMAND id=116 op="input.tap" raw="{'event':'Accept','op':'input.tap','code':28}"
[2026-09-10 23:35:48.302] +192076ms INPUT_SENT id=116 device=0 user_event="Accept" code=28 value=1 held=0
[2026-09-10 23:35:48.386] +192160ms INPUT_SENT id=116 device=0 user_event="Accept" code=28 value=0 held=0.08
[2026-09-10 23:35:48.386] +192160ms RESULT id=116 op="input.tap" ok=1 down_ok=1 up_ok=1 hold_ms=80
[2026-09-10 23:35:48.386] +192160ms COMMAND id=117 op="wait" raw="{'op':'wait','ms':800}"
[2026-09-10 23:35:49.186] +192960ms RESULT id=117 op="wait" ok=1 ms=800
[2026-09-10 23:35:49.186] +192960ms COMMAND id=118 op="gfx.get" raw="{'path':'_root.QuestJournalFader.Menu_mc.ConfigPanel.dialog._visible','op':'gfx.get','menu':'Journal Menu'}"
[2026-09-10 23:35:49.193] +192967ms RESULT id=118 op="gfx.get" ok=1 menu="Journal Menu" path="_root.QuestJournalFader.Menu_mc.ConfigPanel.dialog._visible" type="bool" value="true"
[2026-09-10 23:35:49.193] +192967ms COMMAND id=119 op="gfx.dump" raw="{'max':80,'path':'_root.QuestJournalFader.Menu_mc.ConfigPanel.dialog.menuList._entryList','op':'gfx.dump','depth':2,'menu':'Journal Menu'}"
[2026-09-10 23:35:49.201] +192975ms MEMBER id=119 path="_root.QuestJournalFader.Menu_mc.ConfigPanel.dialog.menuList._entryList" type="array" value="size=23"
[2026-09-10 23:35:49.201] +192975ms MEMBER id=119 path="_root.QuestJournalFader.Menu_mc.ConfigPanel.dialog.menuList._entryList[0]" type="object" value="{...}"
[2026-09-10 23:35:49.201] +192975ms MEMBER id=119 path="_root.QuestJournalFader.Menu_mc.ConfigPanel.dialog.menuList._entryList[0].enabled" type="bool" value="true"
[2026-09-10 23:35:49.201] +192975ms MEMBER id=119 path="_root.QuestJournalFader.Menu_mc.ConfigPanel.dialog.menuList._entryList[0].state" type="string" value="normal"
[2026-09-10 23:35:49.201] +192975ms MEMBER id=119 path="_root.QuestJournalFader.Menu_mc.ConfigPanel.dialog.menuList._entryList[0].align" type="string" value="center"
[2026-09-10 23:35:49.201] +192975ms MEMBER id=119 path="_root.QuestJournalFader.Menu_mc.ConfigPanel.dialog.menuList._entryList[0].text" type="string" value="Nothing"
[2026-09-10 23:35:49.201] +192975ms MEMBER id=119 path="_root.QuestJournalFader.Menu_mc.ConfigPanel.dialog.menuList._entryList[0].clipIndex" type="number" value="0"
[2026-09-10 23:35:49.201] +192975ms MEMBER id=119 path="_root.QuestJournalFader.Menu_mc.ConfigPanel.dialog.menuList._entryList[0].itemIndex" type="number" value="0"
[2026-09-10 23:35:49.201] +192975ms MEMBER id=119 path="_root.QuestJournalFader.Menu_mc.ConfigPanel.dialog.menuList._entryList[1]" type="object" value="{...}"
[2026-09-10 23:35:49.201] +192975ms MEMBER id=119 path="_root.QuestJournalFader.Menu_mc.ConfigPanel.dialog.menuList._entryList[1].enabled" type="bool" value="true"
[2026-09-10 23:35:49.201] +192975ms MEMBER id=119 path="_root.QuestJournalFader.Menu_mc.ConfigPanel.dialog.menuList._entryList[1].state" type="string" value="normal"
[2026-09-10 23:35:49.201] +192975ms MEMBER id=119 path="_root.QuestJournalFader.Menu_mc.ConfigPanel.dialog.menuList._entryList[1].align" type="string" value="center"
[2026-09-10 23:35:49.201] +192975ms MEMBER id=119 path="_root.QuestJournalFader.Menu_mc.ConfigPanel.dialog.menuList._entryList[1].text" type="string" value="Random"
[2026-09-10 23:35:49.201] +192975ms MEMBER id=119 path="_root.QuestJournalFader.Menu_mc.ConfigPanel.dialog.menuList._entryList[1].clipIndex" type="number" value="1"
[2026-09-10 23:35:49.201] +192975ms MEMBER id=119 path="_root.QuestJournalFader.Menu_mc.ConfigPanel.dialog.menuList._entryList[1].itemIndex" type="number" value="1"
[2026-09-10 23:35:49.201] +192975ms MEMBER id=119 path="_root.QuestJournalFader.Menu_mc.ConfigPanel.dialog.menuList._entryList[2]" type="object" value="{...}"
[2026-09-10 23:35:49.201] +192975ms MEMBER id=119 path="_root.QuestJournalFader.Menu_mc.ConfigPanel.dialog.menuList._entryList[2].enabled" type="bool" value="true"
[2026-09-10 23:35:49.201] +192975ms MEMBER id=119 path="_root.QuestJournalFader.Menu_mc.ConfigPanel.dialog.menuList._entryList[2].state" type="string" value="normal"
[2026-09-10 23:35:49.201] +192975ms MEMBER id=119 path="_root.QuestJournalFader.Menu_mc.ConfigPanel.dialog.menuList._entryList[2].align" type="string" value="center"
[2026-09-10 23:35:49.201] +192975ms MEMBER id=119 path="_root.QuestJournalFader.Menu_mc.ConfigPanel.dialog.menuList._entryList[2].text" type="string" value="Alteration - Random"
[2026-09-10 23:35:49.201] +192975ms MEMBER id=119 path="_root.QuestJournalFader.Menu_mc.ConfigPanel.dialog.menuList._entryList[2].clipIndex" type="number" value="2"
[2026-09-10 23:35:49.201] +192975ms MEMBER id=119 path="_root.QuestJournalFader.Menu_mc.ConfigPanel.dialog.menuList._entryList[2].itemIndex" type="number" value="2"
[2026-09-10 23:35:49.201] +192975ms MEMBER id=119 path="_root.QuestJournalFader.Menu_mc.ConfigPanel.dialog.menuList._entryList[3]" type="object" value="{...}"
[2026-09-10 23:35:49.201] +192975ms MEMBER id=119 path="_root.QuestJournalFader.Menu_mc.ConfigPanel.dialog.menuList._entryList[3].enabled" type="bool" value="true"
[2026-09-10 23:35:49.201] +192975ms MEMBER id=119 path="_root.QuestJournalFader.Menu_mc.ConfigPanel.dialog.menuList._entryList[3].state" type="string" value="normal"
[2026-09-10 23:35:49.201] +192975ms MEMBER id=119 path="_root.QuestJournalFader.Menu_mc.ConfigPanel.dialog.menuList._entryList[3].align" type="string" value="center"
[2026-09-10 23:35:49.201] +192975ms MEMBER id=119 path="_root.QuestJournalFader.Menu_mc.ConfigPanel.dialog.menuList._entryList[3].text" type="string" value="Alteration - Staff of Magelight"
[2026-09-10 23:35:49.201] +192975ms MEMBER id=119 path="_root.QuestJournalFader.Menu_mc.ConfigPanel.dialog.menuList._entryList[3].clipIndex" type="number" value="3"
[2026-09-10 23:35:49.201] +192975ms MEMBER id=119 path="_root.QuestJournalFader.Menu_mc.ConfigPanel.dialog.menuList._entryList[3].itemIndex" type="number" value="3"
[2026-09-10 23:35:49.201] +192976ms MEMBER id=119 path="_root.QuestJournalFader.Menu_mc.ConfigPanel.dialog.menuList._entryList[4]" type="object" value="{...}"
[2026-09-10 23:35:49.201] +192976ms MEMBER id=119 path="_root.QuestJournalFader.Menu_mc.ConfigPanel.dialog.menuList._entryList[4].enabled" type="bool" value="true"
[2026-09-10 23:35:49.201] +192976ms MEMBER id=119 path="_root.QuestJournalFader.Menu_mc.ConfigPanel.dialog.menuList._entryList[4].state" type="string" value="normal"
[2026-09-10 23:35:49.201] +192976ms MEMBER id=119 path="_root.QuestJournalFader.Menu_mc.ConfigPanel.dialog.menuList._entryList[4].align" type="string" value="center"
[2026-09-10 23:35:49.201] +192976ms MEMBER id=119 path="_root.QuestJournalFader.Menu_mc.ConfigPanel.dialog.menuList._entryList[4].text" type="string" value="Conjuration - Random"
[2026-09-10 23:35:49.201] +192976ms MEMBER id=119 path="_root.QuestJournalFader.Menu_mc.ConfigPanel.dialog.menuList._entryList[4].clipIndex" type="number" value="4"
[2026-09-10 23:35:49.201] +192976ms MEMBER id=119 path="_root.QuestJournalFader.Menu_mc.ConfigPanel.dialog.menuList._entryList[4].itemIndex" type="number" value="4"
[2026-09-10 23:35:49.201] +192976ms MEMBER id=119 path="_root.QuestJournalFader.Menu_mc.ConfigPanel.dialog.menuList._entryList[5]" type="object" value="{...}"
[2026-09-10 23:35:49.201] +192976ms MEMBER id=119 path="_root.QuestJournalFader.Menu_mc.ConfigPanel.dialog.menuList._entryList[5].enabled" type="bool" value="true"
[2026-09-10 23:35:49.201] +192976ms MEMBER id=119 path="_root.QuestJournalFader.Menu_mc.ConfigPanel.dialog.menuList._entryList[5].state" type="string" value="normal"
[2026-09-10 23:35:49.201] +192976ms MEMBER id=119 path="_root.QuestJournalFader.Menu_mc.ConfigPanel.dialog.menuList._entryList[5].align" type="string" value="center"
[2026-09-10 23:35:49.201] +192976ms MEMBER id=119 path="_root.QuestJournalFader.Menu_mc.ConfigPanel.dialog.menuList._entryList[5].text" type="string" value="Conjuration - Staff of the Familiar"
[2026-09-10 23:35:49.201] +192976ms MEMBER id=119 path="_root.QuestJournalFader.Menu_mc.ConfigPanel.dialog.menuList._entryList[5].clipIndex" type="undefined" value=""
[2026-09-10 23:35:49.201] +192976ms MEMBER id=119 path="_root.QuestJournalFader.Menu_mc.ConfigPanel.dialog.menuList._entryList[5].itemIndex" type="number" value="5"
[2026-09-10 23:35:49.201] +192976ms MEMBER id=119 path="_root.QuestJournalFader.Menu_mc.ConfigPanel.dialog.menuList._entryList[6]" type="object" value="{...}"
[2026-09-10 23:35:49.201] +192976ms MEMBER id=119 path="_root.QuestJournalFader.Menu_mc.ConfigPanel.dialog.menuList._entryList[6].enabled" type="bool" value="true"
[2026-09-10 23:35:49.201] +192976ms MEMBER id=119 path="_root.QuestJournalFader.Menu_mc.ConfigPanel.dialog.menuList._entryList[6].state" type="string" value="normal"
[2026-09-10 23:35:49.201] +192976ms MEMBER id=119 path="_root.QuestJournalFader.Menu_mc.ConfigPanel.dialog.menuList._entryList[6].align" type="string" value="center"
[2026-09-10 23:35:49.201] +192976ms MEMBER id=119 path="_root.QuestJournalFader.Menu_mc.ConfigPanel.dialog.menuList._entryList[6].text" type="string" value="Conjuration - Staff of Zombies"
[2026-09-10 23:35:49.201] +192976ms MEMBER id=119 path="_root.QuestJournalFader.Menu_mc.ConfigPanel.dialog.menuList._entryList[6].clipIndex" type="undefined" value=""
[2026-09-10 23:35:49.201] +192976ms MEMBER id=119 path="_root.QuestJournalFader.Menu_mc.ConfigPanel.dialog.menuList._entryList[6].itemIndex" type="number" value="6"
[2026-09-10 23:35:49.201] +192976ms MEMBER id=119 path="_root.QuestJournalFader.Menu_mc.ConfigPanel.dialog.menuList._entryList[7]" type="object" value="{...}"
[2026-09-10 23:35:49.201] +192976ms MEMBER id=119 path="_root.QuestJournalFader.Menu_mc.ConfigPanel.dialog.menuList._entryList[7].enabled" type="bool" value="true"
[2026-09-10 23:35:49.201] +192976ms MEMBER id=119 path="_root.QuestJournalFader.Menu_mc.ConfigPanel.dialog.menuList._entryList[7].state" type="string" value="normal"
[2026-09-10 23:35:49.201] +192976ms MEMBER id=119 path="_root.QuestJournalFader.Menu_mc.ConfigPanel.dialog.menuList._entryList[7].align" type="string" value="center"
[2026-09-10 23:35:49.201] +192976ms MEMBER id=119 path="_root.QuestJournalFader.Menu_mc.ConfigPanel.dialog.menuList._entryList[7].text" type="string" value="Conjuration - Staff of Flesh"
[2026-09-10 23:35:49.201] +192976ms MEMBER id=119 path="_root.QuestJournalFader.Menu_mc.ConfigPanel.dialog.menuList._entryList[7].clipIndex" type="undefined" value=""
[2026-09-10 23:35:49.201] +192976ms MEMBER id=119 path="_root.QuestJournalFader.Menu_mc.ConfigPanel.dialog.menuList._entryList[7].itemIndex" type="number" value="7"
[2026-09-10 23:35:49.201] +192976ms MEMBER id=119 path="_root.QuestJournalFader.Menu_mc.ConfigPanel.dialog.menuList._entryList[8]" type="object" value="{...}"
[2026-09-10 23:35:49.201] +192976ms MEMBER id=119 path="_root.QuestJournalFader.Menu_mc.ConfigPanel.dialog.menuList._entryList[8].enabled" type="bool" value="true"
[2026-09-10 23:35:49.201] +192976ms MEMBER id=119 path="_root.QuestJournalFader.Menu_mc.ConfigPanel.dialog.menuList._entryList[8].state" type="string" value="normal"
[2026-09-10 23:35:49.201] +192976ms MEMBER id=119 path="_root.QuestJournalFader.Menu_mc.ConfigPanel.dialog.menuList._entryList[8].align" type="string" value="center"
[2026-09-10 23:35:49.201] +192976ms MEMBER id=119 path="_root.QuestJournalFader.Menu_mc.ConfigPanel.dialog.menuList._entryList[8].text" type="string" value="Destruction - Random"
[2026-09-10 23:35:49.201] +192976ms MEMBER id=119 path="_root.QuestJournalFader.Menu_mc.ConfigPanel.dialog.menuList._entryList[8].clipIndex" type="undefined" value=""
[2026-09-10 23:35:49.201] +192976ms MEMBER id=119 path="_root.QuestJournalFader.Menu_mc.ConfigPanel.dialog.menuList._entryList[8].itemIndex" type="number" value="8"
[2026-09-10 23:35:49.201] +192976ms MEMBER id=119 path="_root.QuestJournalFader.Menu_mc.ConfigPanel.dialog.menuList._entryList[9]" type="object" value="{...}"
[2026-09-10 23:35:49.201] +192976ms MEMBER id=119 path="_root.QuestJournalFader.Menu_mc.ConfigPanel.dialog.menuList._entryList[9].enabled" type="bool" value="true"
[2026-09-10 23:35:49.201] +192976ms MEMBER id=119 path="_root.QuestJournalFader.Menu_mc.ConfigPanel.dialog.menuList._entryList[9].state" type="string" value="normal"
[2026-09-10 23:35:49.201] +192976ms MEMBER id=119 path="_root.QuestJournalFader.Menu_mc.ConfigPanel.dialog.menuList._entryList[9].align" type="string" value="center"
[2026-09-10 23:35:49.201] +192976ms MEMBER id=119 path="_root.QuestJournalFader.Menu_mc.ConfigPanel.dialog.menuList._entryList[9].text" type="string" value="Destruction - Staff of Flames"
[2026-09-10 23:35:49.201] +192976ms MEMBER id=119 path="_root.QuestJournalFader.Menu_mc.ConfigPanel.dialog.menuList._entryList[9].clipIndex" type="undefined" value=""
[2026-09-10 23:35:49.201] +192976ms MEMBER id=119 path="_root.QuestJournalFader.Menu_mc.ConfigPanel.dialog.menuList._entryList[9].itemIndex" type="number" value="9"
[2026-09-10 23:35:49.201] +192976ms MEMBER id=119 path="_root.QuestJournalFader.Menu_mc.ConfigPanel.dialog.menuList._entryList[10]" type="object" value="{...}"
[2026-09-10 23:35:49.201] +192976ms MEMBER id=119 path="_root.QuestJournalFader.Menu_mc.ConfigPanel.dialog.menuList._entryList[10].enabled" type="bool" value="true"
[2026-09-10 23:35:49.201] +192976ms MEMBER id=119 path="_root.QuestJournalFader.Menu_mc.ConfigPanel.dialog.menuList._entryList[10].state" type="string" value="normal"
[2026-09-10 23:35:49.201] +192976ms MEMBER id=119 path="_root.QuestJournalFader.Menu_mc.ConfigPanel.dialog.menuList._entryList[10].align" type="string" value="center"
[2026-09-10 23:35:49.201] +192976ms MEMBER id=119 path="_root.QuestJournalFader.Menu_mc.ConfigPanel.dialog.menuList._entryList[10].text" type="string" value="Destruction - Staff of Frostbite"
[2026-09-10 23:35:49.201] +192976ms MEMBER id=119 path="_root.QuestJournalFader.Menu_mc.ConfigPanel.dialog.menuList._entryList[10].clipIndex" type="undefined" value=""
[2026-09-10 23:35:49.201] +192976ms MEMBER id=119 path="_root.QuestJournalFader.Menu_mc.ConfigPanel.dialog.menuList._entryList[10].itemIndex" type="number" value="10"
[2026-09-10 23:35:49.201] +192976ms MEMBER id=119 path="_root.QuestJournalFader.Menu_mc.ConfigPanel.dialog.menuList._entryList[11]" type="object" value="{...}"
[2026-09-10 23:35:49.201] +192976ms MEMBER id=119 path="_root.QuestJournalFader.Menu_mc.ConfigPanel.dialog.menuList._entryList[11].enabled" type="bool" value="true"
[2026-09-10 23:35:49.201] +192976ms RESULT id=119 op="gfx.dump" ok=1 menu="Journal Menu" path="_root.QuestJournalFader.Menu_mc.ConfigPanel.dialog.menuList._entryList" depth=2 members_logged=80
[2026-09-10 23:35:49.203] +192977ms BATCH_DONE n=38 commands=4 archived=1
[2026-09-10 23:35:49.455] +193229ms BATCH_CLAIMED n=39 stamp="20260911-043549"
[2026-09-10 23:35:49.455] +193229ms COMMAND id=120 op="input.tap" raw="{'event':'Down','op':'input.tap','code':208}"
[2026-09-10 23:35:49.461] +193236ms INPUT_SENT id=120 device=0 user_event="Down" code=208 value=1 held=0
[2026-09-10 23:35:49.545] +193320ms INPUT_SENT id=120 device=0 user_event="Down" code=208 value=0 held=0.08
[2026-09-10 23:35:49.546] +193320ms RESULT id=120 op="input.tap" ok=1 down_ok=1 up_ok=1 hold_ms=80
[2026-09-10 23:35:49.546] +193320ms COMMAND id=121 op="input.tap" raw="{'event':'Down','op':'input.tap','code':208}"
[2026-09-10 23:35:49.554] +193329ms INPUT_SENT id=121 device=0 user_event="Down" code=208 value=1 held=0
[2026-09-10 23:35:49.638] +193412ms INPUT_SENT id=121 device=0 user_event="Down" code=208 value=0 held=0.08
[2026-09-10 23:35:49.638] +193412ms RESULT id=121 op="input.tap" ok=1 down_ok=1 up_ok=1 hold_ms=80
[2026-09-10 23:35:49.638] +193412ms COMMAND id=122 op="input.tap" raw="{'event':'Down','op':'input.tap','code':208}"
[2026-09-10 23:35:49.647] +193421ms INPUT_SENT id=122 device=0 user_event="Down" code=208 value=1 held=0
[2026-09-10 23:35:49.730] +193505ms INPUT_SENT id=122 device=0 user_event="Down" code=208 value=0 held=0.08
[2026-09-10 23:35:49.730] +193505ms RESULT id=122 op="input.tap" ok=1 down_ok=1 up_ok=1 hold_ms=80
[2026-09-10 23:35:49.730] +193505ms COMMAND id=123 op="input.tap" raw="{'event':'Down','op':'input.tap','code':208}"
[2026-09-10 23:35:49.739] +193513ms INPUT_SENT id=123 device=0 user_event="Down" code=208 value=1 held=0
[2026-09-10 23:35:49.823] +193597ms INPUT_SENT id=123 device=0 user_event="Down" code=208 value=0 held=0.08
[2026-09-10 23:35:49.823] +193597ms RESULT id=123 op="input.tap" ok=1 down_ok=1 up_ok=1 hold_ms=80
[2026-09-10 23:35:49.823] +193597ms COMMAND id=124 op="input.tap" raw="{'event':'Down','op':'input.tap','code':208}"
[2026-09-10 23:35:49.831] +193606ms INPUT_SENT id=124 device=0 user_event="Down" code=208 value=1 held=0
[2026-09-10 23:35:49.915] +193690ms INPUT_SENT id=124 device=0 user_event="Down" code=208 value=0 held=0.08
[2026-09-10 23:35:49.915] +193690ms RESULT id=124 op="input.tap" ok=1 down_ok=1 up_ok=1 hold_ms=80
[2026-09-10 23:35:49.915] +193690ms COMMAND id=125 op="input.tap" raw="{'event':'Down','op':'input.tap','code':208}"
[2026-09-10 23:35:49.924] +193698ms INPUT_SENT id=125 device=0 user_event="Down" code=208 value=1 held=0
[2026-09-10 23:35:50.007] +193782ms INPUT_SENT id=125 device=0 user_event="Down" code=208 value=0 held=0.08
[2026-09-10 23:35:50.008] +193782ms RESULT id=125 op="input.tap" ok=1 down_ok=1 up_ok=1 hold_ms=80
[2026-09-10 23:35:50.008] +193782ms COMMAND id=126 op="input.tap" raw="{'event':'Down','op':'input.tap','code':208}"
[2026-09-10 23:35:50.016] +193791ms INPUT_SENT id=126 device=0 user_event="Down" code=208 value=1 held=0
[2026-09-10 23:35:50.100] +193875ms INPUT_SENT id=126 device=0 user_event="Down" code=208 value=0 held=0.08
[2026-09-10 23:35:50.100] +193875ms RESULT id=126 op="input.tap" ok=1 down_ok=1 up_ok=1 hold_ms=80
[2026-09-10 23:35:50.100] +193875ms COMMAND id=127 op="input.tap" raw="{'event':'Down','op':'input.tap','code':208}"
[2026-09-10 23:35:50.109] +193883ms INPUT_SENT id=127 device=0 user_event="Down" code=208 value=1 held=0
[2026-09-10 23:35:50.193] +193967ms INPUT_SENT id=127 device=0 user_event="Down" code=208 value=0 held=0.08
[2026-09-10 23:35:50.193] +193967ms RESULT id=127 op="input.tap" ok=1 down_ok=1 up_ok=1 hold_ms=80
[2026-09-10 23:35:50.193] +193967ms COMMAND id=128 op="input.tap" raw="{'event':'Down','op':'input.tap','code':208}"
[2026-09-10 23:35:50.201] +193976ms INPUT_SENT id=128 device=0 user_event="Down" code=208 value=1 held=0
[2026-09-10 23:35:50.285] +194059ms INPUT_SENT id=128 device=0 user_event="Down" code=208 value=0 held=0.08
[2026-09-10 23:35:50.285] +194059ms RESULT id=128 op="input.tap" ok=1 down_ok=1 up_ok=1 hold_ms=80
[2026-09-10 23:35:50.285] +194059ms COMMAND id=129 op="gfx.get" raw="{'path':'_root.QuestJournalFader.Menu_mc.ConfigPanel.dialog.menuList.selectedEntry.text','op':'gfx.get','menu':'Journal Menu'}"
[2026-09-10 23:35:50.294] +194068ms RESULT id=129 op="gfx.get" ok=1 menu="Journal Menu" path="_root.QuestJournalFader.Menu_mc.ConfigPanel.dialog.menuList.selectedEntry.text" type="string" value="Destruction - Staff of Flames"
[2026-09-10 23:35:50.294] +194069ms BATCH_DONE n=39 commands=10 archived=1
[2026-09-10 23:35:50.797] +194572ms BATCH_CLAIMED n=40 stamp="20260911-043550"
[2026-09-10 23:35:50.798] +194572ms COMMAND id=130 op="input.tap" raw="{'event':'Accept','op':'input.tap','code':28}"
[2026-09-10 23:35:50.806] +194580ms INPUT_SENT id=130 device=0 user_event="Accept" code=28 value=1 held=0
[2026-09-10 23:35:50.890] +194664ms INPUT_SENT id=130 device=0 user_event="Accept" code=28 value=0 held=0.08
[2026-09-10 23:35:50.890] +194665ms RESULT id=130 op="input.tap" ok=1 down_ok=1 up_ok=1 hold_ms=80
[2026-09-10 23:35:50.890] +194665ms COMMAND id=131 op="wait" raw="{'op':'wait','ms':400}"
[2026-09-10 23:35:51.291] +195065ms RESULT id=131 op="wait" ok=1 ms=400
[2026-09-10 23:35:51.291] +195065ms COMMAND id=132 op="gfx.get" raw="{'path':'_root.QuestJournalFader.Menu_mc.ConfigPanel.dialog.menuList._selectedIndex','op':'gfx.get','menu':'Journal Menu'}"
[2026-09-10 23:35:51.293] +195068ms RESULT id=132 op="gfx.get" ok=1 menu="Journal Menu" path="_root.QuestJournalFader.Menu_mc.ConfigPanel.dialog.menuList._selectedIndex" type="number" value="9"
[2026-09-10 23:35:51.295] +195069ms BATCH_DONE n=40 commands=3 archived=1
[2026-09-10 23:35:51.546] +195321ms BATCH_CLAIMED n=41 stamp="20260911-043551"
[2026-09-10 23:35:51.547] +195321ms COMMAND id=133 op="input.tap" raw="{'event':'Cancel','op':'input.tap','code':1}"
[2026-09-10 23:35:51.554] +195328ms INPUT_SENT id=133 device=0 user_event="Cancel" code=1 value=1 held=0
[2026-09-10 23:35:51.638] +195412ms INPUT_SENT id=133 device=0 user_event="Cancel" code=1 value=0 held=0.08
[2026-09-10 23:35:51.638] +195412ms RESULT id=133 op="input.tap" ok=1 down_ok=1 up_ok=1 hold_ms=80
[2026-09-10 23:35:51.638] +195412ms COMMAND id=134 op="wait" raw="{'op':'wait','ms':800}"
[2026-09-10 23:35:52.439] +196213ms RESULT id=134 op="wait" ok=1 ms=800
[2026-09-10 23:35:52.439] +196213ms COMMAND id=135 op="gfx.get" raw="{'path':'_root.QuestJournalFader.Menu_mc.ConfigPanel._optionsList._entryList.14.strValue','op':'gfx.get','menu':'Journal Menu'}"
[2026-09-10 23:35:52.445] +196219ms RESULT id=135 op="gfx.get" ok=1 menu="Journal Menu" path="_root.QuestJournalFader.Menu_mc.ConfigPanel._optionsList._entryList.14.strValue" type="string" value="{$SU_Destruction} - {Staff of Flames}"
[2026-09-10 23:35:52.445] +196220ms COMMAND id=136 op="gfx.get" raw="{'path':'_root.QuestJournalFader.Menu_mc.ConfigPanel.dialog._visible','op':'gfx.get','menu':'Journal Menu'}"
[2026-09-10 23:35:52.453] +196228ms RESULT id=136 op="gfx.get" ok=0 menu="Journal Menu" path="_root.QuestJournalFader.Menu_mc.ConfigPanel.dialog._visible" type="undefined" value=""
[2026-09-10 23:35:52.454] +196229ms BATCH_DONE n=41 commands=4 archived=1
[2026-09-10 23:35:53.207] +196981ms BATCH_CLAIMED n=42 stamp="20260911-043553"
[2026-09-10 23:35:53.207] +196982ms COMMAND id=137 op="input.tap" raw="{'event':'Up','code':200,'op':'input.tap'}"
[2026-09-10 23:35:53.210] +196984ms INPUT_SENT id=137 device=0 user_event="Up" code=200 value=1 held=0
[2026-09-10 23:35:53.294] +197068ms INPUT_SENT id=137 device=0 user_event="Up" code=200 value=0 held=0.08
[2026-09-10 23:35:53.294] +197068ms RESULT id=137 op="input.tap" ok=1 down_ok=1 up_ok=1 hold_ms=80
[2026-09-10 23:35:53.294] +197068ms COMMAND id=138 op="input.tap" raw="{'event':'Up','code':200,'op':'input.tap'}"
[2026-09-10 23:35:53.303] +197077ms INPUT_SENT id=138 device=0 user_event="Up" code=200 value=1 held=0
[2026-09-10 23:35:53.386] +197160ms INPUT_SENT id=138 device=0 user_event="Up" code=200 value=0 held=0.08
[2026-09-10 23:35:53.386] +197160ms RESULT id=138 op="input.tap" ok=1 down_ok=1 up_ok=1 hold_ms=80
[2026-09-10 23:35:53.386] +197161ms COMMAND id=139 op="input.tap" raw="{'event':'Up','code':200,'op':'input.tap'}"
[2026-09-10 23:35:53.395] +197169ms INPUT_SENT id=139 device=0 user_event="Up" code=200 value=1 held=0
[2026-09-10 23:35:53.479] +197253ms INPUT_SENT id=139 device=0 user_event="Up" code=200 value=0 held=0.08
[2026-09-10 23:35:53.479] +197253ms RESULT id=139 op="input.tap" ok=1 down_ok=1 up_ok=1 hold_ms=80
[2026-09-10 23:35:53.479] +197253ms COMMAND id=140 op="gfx.get" raw="{'path':'_root.QuestJournalFader.Menu_mc.ConfigPanel._optionsList._selectedIndex','op':'gfx.get','menu':'Journal Menu'}"
[2026-09-10 23:35:53.487] +197262ms RESULT id=140 op="gfx.get" ok=1 menu="Journal Menu" path="_root.QuestJournalFader.Menu_mc.ConfigPanel._optionsList._selectedIndex" type="number" value="8"
[2026-09-10 23:35:53.487] +197262ms COMMAND id=141 op="gfx.get" raw="{'path':'_root.QuestJournalFader.Menu_mc.ConfigPanel._optionsList.selectedEntry.text','op':'gfx.get','menu':'Journal Menu'}"
[2026-09-10 23:35:53.495] +197270ms RESULT id=141 op="gfx.get" ok=1 menu="Journal Menu" path="_root.QuestJournalFader.Menu_mc.ConfigPanel._optionsList.selectedEntry.text" type="string" value="One-Handed Combination"
[2026-09-10 23:35:53.497] +197271ms BATCH_DONE n=42 commands=5 archived=1
[2026-09-10 23:35:54.499] +198273ms BATCH_CLAIMED n=43 stamp="20260911-043554"
[2026-09-10 23:35:54.499] +198273ms COMMAND id=142 op="input.tap" raw="{'event':'Accept','op':'input.tap','code':28}"
[2026-09-10 23:35:54.504] +198278ms INPUT_SENT id=142 device=0 user_event="Accept" code=28 value=1 held=0
[2026-09-10 23:35:54.588] +198362ms INPUT_SENT id=142 device=0 user_event="Accept" code=28 value=0 held=0.08
[2026-09-10 23:35:54.588] +198362ms RESULT id=142 op="input.tap" ok=1 down_ok=1 up_ok=1 hold_ms=80
[2026-09-10 23:35:54.588] +198362ms COMMAND id=143 op="wait" raw="{'ms':800,'op':'wait'}"
[2026-09-10 23:35:55.388] +199163ms RESULT id=143 op="wait" ok=1 ms=800
[2026-09-10 23:35:55.388] +199163ms COMMAND id=144 op="gfx.get" raw="{'op':'gfx.get','menu':'Journal Menu','path':'_root.QuestJournalFader.Menu_mc.ConfigPanel.dialog._visible'}"
[2026-09-10 23:35:55.395] +199169ms RESULT id=144 op="gfx.get" ok=1 menu="Journal Menu" path="_root.QuestJournalFader.Menu_mc.ConfigPanel.dialog._visible" type="bool" value="true"
[2026-09-10 23:35:55.395] +199169ms COMMAND id=145 op="gfx.dump" raw="{'max':80,'op':'gfx.dump','depth':2,'menu':'Journal Menu','path':'_root.QuestJournalFader.Menu_mc.ConfigPanel.dialog.menuList._entryList'}"
[2026-09-10 23:35:55.403] +199178ms MEMBER id=145 path="_root.QuestJournalFader.Menu_mc.ConfigPanel.dialog.menuList._entryList" type="array" value="size=4"
[2026-09-10 23:35:55.403] +199178ms MEMBER id=145 path="_root.QuestJournalFader.Menu_mc.ConfigPanel.dialog.menuList._entryList[0]" type="object" value="{...}"
[2026-09-10 23:35:55.403] +199178ms MEMBER id=145 path="_root.QuestJournalFader.Menu_mc.ConfigPanel.dialog.menuList._entryList[0].enabled" type="bool" value="true"
[2026-09-10 23:35:55.403] +199178ms MEMBER id=145 path="_root.QuestJournalFader.Menu_mc.ConfigPanel.dialog.menuList._entryList[0].state" type="string" value="normal"
[2026-09-10 23:35:55.403] +199178ms MEMBER id=145 path="_root.QuestJournalFader.Menu_mc.ConfigPanel.dialog.menuList._entryList[0].align" type="string" value="center"
[2026-09-10 23:35:55.403] +199178ms MEMBER id=145 path="_root.QuestJournalFader.Menu_mc.ConfigPanel.dialog.menuList._entryList[0].text" type="string" value="Random"
[2026-09-10 23:35:55.403] +199178ms MEMBER id=145 path="_root.QuestJournalFader.Menu_mc.ConfigPanel.dialog.menuList._entryList[0].clipIndex" type="number" value="0"
[2026-09-10 23:35:55.403] +199178ms MEMBER id=145 path="_root.QuestJournalFader.Menu_mc.ConfigPanel.dialog.menuList._entryList[0].itemIndex" type="number" value="0"
[2026-09-10 23:35:55.403] +199178ms MEMBER id=145 path="_root.QuestJournalFader.Menu_mc.ConfigPanel.dialog.menuList._entryList[1]" type="object" value="{...}"
[2026-09-10 23:35:55.403] +199178ms MEMBER id=145 path="_root.QuestJournalFader.Menu_mc.ConfigPanel.dialog.menuList._entryList[1].enabled" type="bool" value="true"
[2026-09-10 23:35:55.403] +199178ms MEMBER id=145 path="_root.QuestJournalFader.Menu_mc.ConfigPanel.dialog.menuList._entryList[1].state" type="string" value="normal"
[2026-09-10 23:35:55.403] +199178ms MEMBER id=145 path="_root.QuestJournalFader.Menu_mc.ConfigPanel.dialog.menuList._entryList[1].align" type="string" value="center"
[2026-09-10 23:35:55.403] +199178ms MEMBER id=145 path="_root.QuestJournalFader.Menu_mc.ConfigPanel.dialog.menuList._entryList[1].text" type="string" value="Single"
[2026-09-10 23:35:55.403] +199178ms MEMBER id=145 path="_root.QuestJournalFader.Menu_mc.ConfigPanel.dialog.menuList._entryList[1].clipIndex" type="number" value="1"
[2026-09-10 23:35:55.403] +199178ms MEMBER id=145 path="_root.QuestJournalFader.Menu_mc.ConfigPanel.dialog.menuList._entryList[1].itemIndex" type="number" value="1"
[2026-09-10 23:35:55.403] +199178ms MEMBER id=145 path="_root.QuestJournalFader.Menu_mc.ConfigPanel.dialog.menuList._entryList[2]" type="object" value="{...}"
[2026-09-10 23:35:55.404] +199178ms MEMBER id=145 path="_root.QuestJournalFader.Menu_mc.ConfigPanel.dialog.menuList._entryList[2].enabled" type="bool" value="true"
[2026-09-10 23:35:55.404] +199178ms MEMBER id=145 path="_root.QuestJournalFader.Menu_mc.ConfigPanel.dialog.menuList._entryList[2].state" type="string" value="normal"
[2026-09-10 23:35:55.404] +199178ms MEMBER id=145 path="_root.QuestJournalFader.Menu_mc.ConfigPanel.dialog.menuList._entryList[2].align" type="string" value="center"
[2026-09-10 23:35:55.404] +199178ms MEMBER id=145 path="_root.QuestJournalFader.Menu_mc.ConfigPanel.dialog.menuList._entryList[2].text" type="string" value="Shield"
[2026-09-10 23:35:55.404] +199178ms MEMBER id=145 path="_root.QuestJournalFader.Menu_mc.ConfigPanel.dialog.menuList._entryList[2].clipIndex" type="number" value="2"
[2026-09-10 23:35:55.404] +199178ms MEMBER id=145 path="_root.QuestJournalFader.Menu_mc.ConfigPanel.dialog.menuList._entryList[2].itemIndex" type="number" value="2"
[2026-09-10 23:35:55.404] +199178ms MEMBER id=145 path="_root.QuestJournalFader.Menu_mc.ConfigPanel.dialog.menuList._entryList[3]" type="object" value="{...}"
[2026-09-10 23:35:55.404] +199178ms MEMBER id=145 path="_root.QuestJournalFader.Menu_mc.ConfigPanel.dialog.menuList._entryList[3].enabled" type="bool" value="true"
[2026-09-10 23:35:55.404] +199178ms MEMBER id=145 path="_root.QuestJournalFader.Menu_mc.ConfigPanel.dialog.menuList._entryList[3].state" type="string" value="normal"
[2026-09-10 23:35:55.404] +199178ms MEMBER id=145 path="_root.QuestJournalFader.Menu_mc.ConfigPanel.dialog.menuList._entryList[3].align" type="string" value="center"
[2026-09-10 23:35:55.404] +199178ms MEMBER id=145 path="_root.QuestJournalFader.Menu_mc.ConfigPanel.dialog.menuList._entryList[3].text" type="string" value="Dual"
[2026-09-10 23:35:55.404] +199178ms MEMBER id=145 path="_root.QuestJournalFader.Menu_mc.ConfigPanel.dialog.menuList._entryList[3].clipIndex" type="number" value="3"
[2026-09-10 23:35:55.404] +199178ms MEMBER id=145 path="_root.QuestJournalFader.Menu_mc.ConfigPanel.dialog.menuList._entryList[3].itemIndex" type="number" value="3"
[2026-09-10 23:35:55.404] +199178ms RESULT id=145 op="gfx.dump" ok=1 menu="Journal Menu" path="_root.QuestJournalFader.Menu_mc.ConfigPanel.dialog.menuList._entryList" depth=2 members_logged=29
[2026-09-10 23:35:55.404] +199179ms BATCH_DONE n=43 commands=4 archived=1
[2026-09-10 23:35:55.656] +199431ms BATCH_CLAIMED n=44 stamp="20260911-043555"
[2026-09-10 23:35:55.656] +199431ms COMMAND id=146 op="input.tap" raw="{'event':'Down','op':'input.tap','code':208}"
[2026-09-10 23:35:55.664] +199438ms INPUT_SENT id=146 device=0 user_event="Down" code=208 value=1 held=0
[2026-09-10 23:35:55.748] +199522ms INPUT_SENT id=146 device=0 user_event="Down" code=208 value=0 held=0.08
[2026-09-10 23:35:55.748] +199522ms RESULT id=146 op="input.tap" ok=1 down_ok=1 up_ok=1 hold_ms=80
[2026-09-10 23:35:55.748] +199522ms COMMAND id=147 op="input.tap" raw="{'event':'Down','op':'input.tap','code':208}"
[2026-09-10 23:35:55.756] +199531ms INPUT_SENT id=147 device=0 user_event="Down" code=208 value=1 held=0
[2026-09-10 23:35:55.840] +199614ms INPUT_SENT id=147 device=0 user_event="Down" code=208 value=0 held=0.08
[2026-09-10 23:35:55.840] +199614ms RESULT id=147 op="input.tap" ok=1 down_ok=1 up_ok=1 hold_ms=80
[2026-09-10 23:35:55.840] +199615ms COMMAND id=148 op="input.tap" raw="{'event':'Down','op':'input.tap','code':208}"
[2026-09-10 23:35:55.849] +199623ms INPUT_SENT id=148 device=0 user_event="Down" code=208 value=1 held=0
[2026-09-10 23:35:55.933] +199707ms INPUT_SENT id=148 device=0 user_event="Down" code=208 value=0 held=0.08
[2026-09-10 23:35:55.933] +199707ms RESULT id=148 op="input.tap" ok=1 down_ok=1 up_ok=1 hold_ms=80
[2026-09-10 23:35:55.933] +199707ms COMMAND id=149 op="gfx.get" raw="{'op':'gfx.get','menu':'Journal Menu','path':'_root.QuestJournalFader.Menu_mc.ConfigPanel.dialog.menuList.selectedEntry.text'}"
[2026-09-10 23:35:55.942] +199716ms RESULT id=149 op="gfx.get" ok=1 menu="Journal Menu" path="_root.QuestJournalFader.Menu_mc.ConfigPanel.dialog.menuList.selectedEntry.text" type="string" value="Dual"
[2026-09-10 23:35:55.943] +199718ms BATCH_DONE n=44 commands=4 archived=1
[2026-09-10 23:35:56.195] +199970ms BATCH_CLAIMED n=45 stamp="20260911-043556"
[2026-09-10 23:35:56.195] +199970ms COMMAND id=150 op="input.tap" raw="{'event':'Accept','op':'input.tap','code':28}"
[2026-09-10 23:35:56.202] +199976ms INPUT_SENT id=150 device=0 user_event="Accept" code=28 value=1 held=0
[2026-09-10 23:35:56.286] +200060ms INPUT_SENT id=150 device=0 user_event="Accept" code=28 value=0 held=0.08
[2026-09-10 23:35:56.286] +200060ms RESULT id=150 op="input.tap" ok=1 down_ok=1 up_ok=1 hold_ms=80
[2026-09-10 23:35:56.286] +200060ms COMMAND id=151 op="wait" raw="{'ms':400,'op':'wait'}"
[2026-09-10 23:35:56.686] +200461ms RESULT id=151 op="wait" ok=1 ms=400
[2026-09-10 23:35:56.686] +200461ms COMMAND id=152 op="gfx.get" raw="{'op':'gfx.get','menu':'Journal Menu','path':'_root.QuestJournalFader.Menu_mc.ConfigPanel.dialog.menuList._selectedIndex'}"
[2026-09-10 23:35:56.689] +200463ms RESULT id=152 op="gfx.get" ok=1 menu="Journal Menu" path="_root.QuestJournalFader.Menu_mc.ConfigPanel.dialog.menuList._selectedIndex" type="number" value="3"
[2026-09-10 23:35:56.690] +200464ms BATCH_DONE n=45 commands=3 archived=1
[2026-09-10 23:35:57.192] +200966ms BATCH_CLAIMED n=46 stamp="20260911-043557"
[2026-09-10 23:35:57.192] +200966ms COMMAND id=153 op="input.tap" raw="{'event':'Cancel','op':'input.tap','code':1}"
[2026-09-10 23:35:57.193] +200968ms INPUT_SENT id=153 device=0 user_event="Cancel" code=1 value=1 held=0
[2026-09-10 23:35:57.277] +201052ms INPUT_SENT id=153 device=0 user_event="Cancel" code=1 value=0 held=0.08
[2026-09-10 23:35:57.277] +201052ms RESULT id=153 op="input.tap" ok=1 down_ok=1 up_ok=1 hold_ms=80
[2026-09-10 23:35:57.277] +201052ms COMMAND id=154 op="wait" raw="{'ms':800,'op':'wait'}"
[2026-09-10 23:35:58.078] +201853ms RESULT id=154 op="wait" ok=1 ms=800
[2026-09-10 23:35:58.078] +201853ms COMMAND id=155 op="gfx.get" raw="{'op':'gfx.get','menu':'Journal Menu','path':'_root.QuestJournalFader.Menu_mc.ConfigPanel._optionsList._entryList.8.strValue'}"
[2026-09-10 23:35:58.084] +201858ms RESULT id=155 op="gfx.get" ok=1 menu="Journal Menu" path="_root.QuestJournalFader.Menu_mc.ConfigPanel._optionsList._entryList.8.strValue" type="string" value="$SU_1HDual"
[2026-09-10 23:35:58.084] +201858ms COMMAND id=156 op="gfx.get" raw="{'op':'gfx.get','menu':'Journal Menu','path':'_root.QuestJournalFader.Menu_mc.ConfigPanel.dialog._visible'}"
[2026-09-10 23:35:58.092] +201867ms RESULT id=156 op="gfx.get" ok=0 menu="Journal Menu" path="_root.QuestJournalFader.Menu_mc.ConfigPanel.dialog._visible" type="undefined" value=""
[2026-09-10 23:35:58.094] +201868ms BATCH_DONE n=46 commands=4 archived=1
[2026-09-10 23:35:59.097] +202872ms BATCH_CLAIMED n=47 stamp="20260911-043559"
[2026-09-10 23:35:59.098] +202872ms COMMAND id=157 op="input.tap" raw="{'event':'Up','op':'input.tap','code':200}"
[2026-09-10 23:35:59.103] +202878ms INPUT_SENT id=157 device=0 user_event="Up" code=200 value=1 held=0
[2026-09-10 23:35:59.187] +202962ms INPUT_SENT id=157 device=0 user_event="Up" code=200 value=0 held=0.08
[2026-09-10 23:35:59.188] +202962ms RESULT id=157 op="input.tap" ok=1 down_ok=1 up_ok=1 hold_ms=80
[2026-09-10 23:35:59.188] +202962ms COMMAND id=158 op="gfx.get" raw="{'op':'gfx.get','menu':'Journal Menu','path':'_root.QuestJournalFader.Menu_mc.ConfigPanel._optionsList._selectedIndex'}"
[2026-09-10 23:35:59.196] +202971ms RESULT id=158 op="gfx.get" ok=1 menu="Journal Menu" path="_root.QuestJournalFader.Menu_mc.ConfigPanel._optionsList._selectedIndex" type="number" value="6"
[2026-09-10 23:35:59.196] +202971ms COMMAND id=159 op="gfx.get" raw="{'op':'gfx.get','menu':'Journal Menu','path':'_root.QuestJournalFader.Menu_mc.ConfigPanel._optionsList.selectedEntry.text'}"
[2026-09-10 23:35:59.204] +202979ms RESULT id=159 op="gfx.get" ok=1 menu="Journal Menu" path="_root.QuestJournalFader.Menu_mc.ConfigPanel._optionsList.selectedEntry.text" type="string" value="One-Handed"
[2026-09-10 23:35:59.205] +202980ms BATCH_DONE n=47 commands=3 archived=1
[2026-09-10 23:36:00.208] +203982ms BATCH_CLAIMED n=48 stamp="20260911-043600"
[2026-09-10 23:36:00.208] +203983ms COMMAND id=160 op="input.tap" raw="{'op':'input.tap','code':28,'event':'Accept'}"
[2026-09-10 23:36:00.213] +203987ms INPUT_SENT id=160 device=0 user_event="Accept" code=28 value=1 held=0
[2026-09-10 23:36:00.297] +204071ms INPUT_SENT id=160 device=0 user_event="Accept" code=28 value=0 held=0.08
[2026-09-10 23:36:00.297] +204071ms RESULT id=160 op="input.tap" ok=1 down_ok=1 up_ok=1 hold_ms=80
[2026-09-10 23:36:00.297] +204071ms COMMAND id=161 op="wait" raw="{'op':'wait','ms':800}"
[2026-09-10 23:36:01.097] +204872ms RESULT id=161 op="wait" ok=1 ms=800
[2026-09-10 23:36:01.097] +204872ms COMMAND id=162 op="gfx.get" raw="{'op':'gfx.get','menu':'Journal Menu','path':'_root.QuestJournalFader.Menu_mc.ConfigPanel.dialog._visible'}"
[2026-09-10 23:36:01.103] +204878ms RESULT id=162 op="gfx.get" ok=1 menu="Journal Menu" path="_root.QuestJournalFader.Menu_mc.ConfigPanel.dialog._visible" type="bool" value="true"
[2026-09-10 23:36:01.104] +204878ms COMMAND id=163 op="gfx.dump" raw="{'op':'gfx.dump','max':80,'menu':'Journal Menu','depth':2,'path':'_root.QuestJournalFader.Menu_mc.ConfigPanel.dialog.menuList._entryList'}"
[2026-09-10 23:36:01.112] +204887ms MEMBER id=163 path="_root.QuestJournalFader.Menu_mc.ConfigPanel.dialog.menuList._entryList" type="array" value="size=8"
[2026-09-10 23:36:01.112] +204887ms MEMBER id=163 path="_root.QuestJournalFader.Menu_mc.ConfigPanel.dialog.menuList._entryList[0]" type="object" value="{...}"
[2026-09-10 23:36:01.112] +204887ms MEMBER id=163 path="_root.QuestJournalFader.Menu_mc.ConfigPanel.dialog.menuList._entryList[0].enabled" type="bool" value="true"
[2026-09-10 23:36:01.112] +204887ms MEMBER id=163 path="_root.QuestJournalFader.Menu_mc.ConfigPanel.dialog.menuList._entryList[0].state" type="string" value="normal"
[2026-09-10 23:36:01.112] +204887ms MEMBER id=163 path="_root.QuestJournalFader.Menu_mc.ConfigPanel.dialog.menuList._entryList[0].align" type="string" value="center"
[2026-09-10 23:36:01.112] +204887ms MEMBER id=163 path="_root.QuestJournalFader.Menu_mc.ConfigPanel.dialog.menuList._entryList[0].text" type="string" value="Nothing"
[2026-09-10 23:36:01.112] +204887ms MEMBER id=163 path="_root.QuestJournalFader.Menu_mc.ConfigPanel.dialog.menuList._entryList[0].clipIndex" type="number" value="0"
[2026-09-10 23:36:01.112] +204887ms MEMBER id=163 path="_root.QuestJournalFader.Menu_mc.ConfigPanel.dialog.menuList._entryList[0].itemIndex" type="number" value="0"
[2026-09-10 23:36:01.112] +204887ms MEMBER id=163 path="_root.QuestJournalFader.Menu_mc.ConfigPanel.dialog.menuList._entryList[1]" type="object" value="{...}"
[2026-09-10 23:36:01.112] +204887ms MEMBER id=163 path="_root.QuestJournalFader.Menu_mc.ConfigPanel.dialog.menuList._entryList[1].enabled" type="bool" value="true"
[2026-09-10 23:36:01.112] +204887ms MEMBER id=163 path="_root.QuestJournalFader.Menu_mc.ConfigPanel.dialog.menuList._entryList[1].state" type="string" value="normal"
[2026-09-10 23:36:01.112] +204887ms MEMBER id=163 path="_root.QuestJournalFader.Menu_mc.ConfigPanel.dialog.menuList._entryList[1].align" type="string" value="center"
[2026-09-10 23:36:01.112] +204887ms MEMBER id=163 path="_root.QuestJournalFader.Menu_mc.ConfigPanel.dialog.menuList._entryList[1].text" type="string" value="Random"
[2026-09-10 23:36:01.112] +204887ms MEMBER id=163 path="_root.QuestJournalFader.Menu_mc.ConfigPanel.dialog.menuList._entryList[1].clipIndex" type="number" value="1"
[2026-09-10 23:36:01.112] +204887ms MEMBER id=163 path="_root.QuestJournalFader.Menu_mc.ConfigPanel.dialog.menuList._entryList[1].itemIndex" type="number" value="1"
[2026-09-10 23:36:01.112] +204887ms MEMBER id=163 path="_root.QuestJournalFader.Menu_mc.ConfigPanel.dialog.menuList._entryList[2]" type="object" value="{...}"
[2026-09-10 23:36:01.112] +204887ms MEMBER id=163 path="_root.QuestJournalFader.Menu_mc.ConfigPanel.dialog.menuList._entryList[2].enabled" type="bool" value="true"
[2026-09-10 23:36:01.112] +204887ms MEMBER id=163 path="_root.QuestJournalFader.Menu_mc.ConfigPanel.dialog.menuList._entryList[2].state" type="string" value="normal"
[2026-09-10 23:36:01.112] +204887ms MEMBER id=163 path="_root.QuestJournalFader.Menu_mc.ConfigPanel.dialog.menuList._entryList[2].align" type="string" value="center"
[2026-09-10 23:36:01.112] +204887ms MEMBER id=163 path="_root.QuestJournalFader.Menu_mc.ConfigPanel.dialog.menuList._entryList[2].text" type="string" value="Random (No Dagger)"
[2026-09-10 23:36:01.112] +204887ms MEMBER id=163 path="_root.QuestJournalFader.Menu_mc.ConfigPanel.dialog.menuList._entryList[2].clipIndex" type="number" value="2"
[2026-09-10 23:36:01.112] +204887ms MEMBER id=163 path="_root.QuestJournalFader.Menu_mc.ConfigPanel.dialog.menuList._entryList[2].itemIndex" type="number" value="2"
[2026-09-10 23:36:01.112] +204887ms MEMBER id=163 path="_root.QuestJournalFader.Menu_mc.ConfigPanel.dialog.menuList._entryList[3]" type="object" value="{...}"
[2026-09-10 23:36:01.112] +204887ms MEMBER id=163 path="_root.QuestJournalFader.Menu_mc.ConfigPanel.dialog.menuList._entryList[3].enabled" type="bool" value="true"
[2026-09-10 23:36:01.112] +204887ms MEMBER id=163 path="_root.QuestJournalFader.Menu_mc.ConfigPanel.dialog.menuList._entryList[3].state" type="string" value="normal"
[2026-09-10 23:36:01.112] +204887ms MEMBER id=163 path="_root.QuestJournalFader.Menu_mc.ConfigPanel.dialog.menuList._entryList[3].align" type="string" value="center"
[2026-09-10 23:36:01.112] +204887ms MEMBER id=163 path="_root.QuestJournalFader.Menu_mc.ConfigPanel.dialog.menuList._entryList[3].text" type="string" value="Dagger"
[2026-09-10 23:36:01.112] +204887ms MEMBER id=163 path="_root.QuestJournalFader.Menu_mc.ConfigPanel.dialog.menuList._entryList[3].clipIndex" type="number" value="3"
[2026-09-10 23:36:01.112] +204887ms MEMBER id=163 path="_root.QuestJournalFader.Menu_mc.ConfigPanel.dialog.menuList._entryList[3].itemIndex" type="number" value="3"
[2026-09-10 23:36:01.112] +204887ms MEMBER id=163 path="_root.QuestJournalFader.Menu_mc.ConfigPanel.dialog.menuList._entryList[4]" type="object" value="{...}"
[2026-09-10 23:36:01.112] +204887ms MEMBER id=163 path="_root.QuestJournalFader.Menu_mc.ConfigPanel.dialog.menuList._entryList[4].enabled" type="bool" value="true"
[2026-09-10 23:36:01.112] +204887ms MEMBER id=163 path="_root.QuestJournalFader.Menu_mc.ConfigPanel.dialog.menuList._entryList[4].state" type="string" value="normal"
[2026-09-10 23:36:01.112] +204887ms MEMBER id=163 path="_root.QuestJournalFader.Menu_mc.ConfigPanel.dialog.menuList._entryList[4].align" type="string" value="center"
[2026-09-10 23:36:01.112] +204887ms MEMBER id=163 path="_root.QuestJournalFader.Menu_mc.ConfigPanel.dialog.menuList._entryList[4].text" type="string" value="Sword"
[2026-09-10 23:36:01.112] +204887ms MEMBER id=163 path="_root.QuestJournalFader.Menu_mc.ConfigPanel.dialog.menuList._entryList[4].clipIndex" type="number" value="4"
[2026-09-10 23:36:01.112] +204887ms MEMBER id=163 path="_root.QuestJournalFader.Menu_mc.ConfigPanel.dialog.menuList._entryList[4].itemIndex" type="number" value="4"
[2026-09-10 23:36:01.112] +204887ms MEMBER id=163 path="_root.QuestJournalFader.Menu_mc.ConfigPanel.dialog.menuList._entryList[5]" type="object" value="{...}"
[2026-09-10 23:36:01.112] +204887ms MEMBER id=163 path="_root.QuestJournalFader.Menu_mc.ConfigPanel.dialog.menuList._entryList[5].enabled" type="bool" value="true"
[2026-09-10 23:36:01.113] +204887ms MEMBER id=163 path="_root.QuestJournalFader.Menu_mc.ConfigPanel.dialog.menuList._entryList[5].state" type="string" value="normal"
[2026-09-10 23:36:01.113] +204887ms MEMBER id=163 path="_root.QuestJournalFader.Menu_mc.ConfigPanel.dialog.menuList._entryList[5].align" type="string" value="center"
[2026-09-10 23:36:01.113] +204887ms MEMBER id=163 path="_root.QuestJournalFader.Menu_mc.ConfigPanel.dialog.menuList._entryList[5].text" type="string" value="Axe"
[2026-09-10 23:36:01.113] +204887ms MEMBER id=163 path="_root.QuestJournalFader.Menu_mc.ConfigPanel.dialog.menuList._entryList[5].clipIndex" type="undefined" value=""
[2026-09-10 23:36:01.113] +204887ms MEMBER id=163 path="_root.QuestJournalFader.Menu_mc.ConfigPanel.dialog.menuList._entryList[5].itemIndex" type="number" value="5"
[2026-09-10 23:36:01.113] +204887ms MEMBER id=163 path="_root.QuestJournalFader.Menu_mc.ConfigPanel.dialog.menuList._entryList[6]" type="object" value="{...}"
[2026-09-10 23:36:01.113] +204887ms MEMBER id=163 path="_root.QuestJournalFader.Menu_mc.ConfigPanel.dialog.menuList._entryList[6].enabled" type="bool" value="true"
[2026-09-10 23:36:01.113] +204887ms MEMBER id=163 path="_root.QuestJournalFader.Menu_mc.ConfigPanel.dialog.menuList._entryList[6].state" type="string" value="normal"
[2026-09-10 23:36:01.113] +204887ms MEMBER id=163 path="_root.QuestJournalFader.Menu_mc.ConfigPanel.dialog.menuList._entryList[6].align" type="string" value="center"
[2026-09-10 23:36:01.113] +204887ms MEMBER id=163 path="_root.QuestJournalFader.Menu_mc.ConfigPanel.dialog.menuList._entryList[6].text" type="string" value="Mace"
[2026-09-10 23:36:01.113] +204887ms MEMBER id=163 path="_root.QuestJournalFader.Menu_mc.ConfigPanel.dialog.menuList._entryList[6].clipIndex" type="undefined" value=""
[2026-09-10 23:36:01.113] +204887ms MEMBER id=163 path="_root.QuestJournalFader.Menu_mc.ConfigPanel.dialog.menuList._entryList[6].itemIndex" type="number" value="6"
[2026-09-10 23:36:01.113] +204887ms MEMBER id=163 path="_root.QuestJournalFader.Menu_mc.ConfigPanel.dialog.menuList._entryList[7]" type="object" value="{...}"
[2026-09-10 23:36:01.113] +204887ms MEMBER id=163 path="_root.QuestJournalFader.Menu_mc.ConfigPanel.dialog.menuList._entryList[7].enabled" type="bool" value="true"
[2026-09-10 23:36:01.113] +204887ms MEMBER id=163 path="_root.QuestJournalFader.Menu_mc.ConfigPanel.dialog.menuList._entryList[7].state" type="string" value="normal"
[2026-09-10 23:36:01.113] +204887ms MEMBER id=163 path="_root.QuestJournalFader.Menu_mc.ConfigPanel.dialog.menuList._entryList[7].align" type="string" value="center"
[2026-09-10 23:36:01.113] +204887ms MEMBER id=163 path="_root.QuestJournalFader.Menu_mc.ConfigPanel.dialog.menuList._entryList[7].text" type="string" value="Scimitar"
[2026-09-10 23:36:01.113] +204887ms MEMBER id=163 path="_root.QuestJournalFader.Menu_mc.ConfigPanel.dialog.menuList._entryList[7].clipIndex" type="undefined" value=""
[2026-09-10 23:36:01.113] +204887ms MEMBER id=163 path="_root.QuestJournalFader.Menu_mc.ConfigPanel.dialog.menuList._entryList[7].itemIndex" type="number" value="7"
[2026-09-10 23:36:01.113] +204887ms RESULT id=163 op="gfx.dump" ok=1 menu="Journal Menu" path="_root.QuestJournalFader.Menu_mc.ConfigPanel.dialog.menuList._entryList" depth=2 members_logged=57
[2026-09-10 23:36:01.113] +204888ms BATCH_DONE n=48 commands=4 archived=1
[2026-09-10 23:36:01.365] +205139ms BATCH_CLAIMED n=49 stamp="20260911-043601"
[2026-09-10 23:36:01.365] +205140ms COMMAND id=164 op="input.tap" raw="{'op':'input.tap','code':208,'event':'Down'}"
[2026-09-10 23:36:01.372] +205147ms INPUT_SENT id=164 device=0 user_event="Down" code=208 value=1 held=0
[2026-09-10 23:36:01.456] +205231ms INPUT_SENT id=164 device=0 user_event="Down" code=208 value=0 held=0.08
[2026-09-10 23:36:01.456] +205231ms RESULT id=164 op="input.tap" ok=1 down_ok=1 up_ok=1 hold_ms=80
[2026-09-10 23:36:01.457] +205231ms COMMAND id=165 op="input.tap" raw="{'op':'input.tap','code':208,'event':'Down'}"
[2026-09-10 23:36:01.465] +205240ms INPUT_SENT id=165 device=0 user_event="Down" code=208 value=1 held=0
[2026-09-10 23:36:01.549] +205323ms INPUT_SENT id=165 device=0 user_event="Down" code=208 value=0 held=0.08
[2026-09-10 23:36:01.549] +205323ms RESULT id=165 op="input.tap" ok=1 down_ok=1 up_ok=1 hold_ms=80
[2026-09-10 23:36:01.549] +205323ms COMMAND id=166 op="input.tap" raw="{'op':'input.tap','code':208,'event':'Down'}"
[2026-09-10 23:36:01.557] +205332ms INPUT_SENT id=166 device=0 user_event="Down" code=208 value=1 held=0
[2026-09-10 23:36:01.641] +205416ms INPUT_SENT id=166 device=0 user_event="Down" code=208 value=0 held=0.08
[2026-09-10 23:36:01.641] +205416ms RESULT id=166 op="input.tap" ok=1 down_ok=1 up_ok=1 hold_ms=80
[2026-09-10 23:36:01.642] +205416ms COMMAND id=167 op="gfx.get" raw="{'op':'gfx.get','menu':'Journal Menu','path':'_root.QuestJournalFader.Menu_mc.ConfigPanel.dialog.menuList.selectedEntry.text'}"
[2026-09-10 23:36:01.650] +205425ms RESULT id=167 op="gfx.get" ok=1 menu="Journal Menu" path="_root.QuestJournalFader.Menu_mc.ConfigPanel.dialog.menuList.selectedEntry.text" type="string" value="Sword"
[2026-09-10 23:36:01.651] +205426ms BATCH_DONE n=49 commands=4 archived=1
[2026-09-10 23:36:02.153] +205928ms BATCH_CLAIMED n=50 stamp="20260911-043602"
[2026-09-10 23:36:02.153] +205928ms COMMAND id=168 op="input.tap" raw="{'op':'input.tap','code':28,'event':'Accept'}"
[2026-09-10 23:36:02.154] +205929ms INPUT_SENT id=168 device=0 user_event="Accept" code=28 value=1 held=0
[2026-09-10 23:36:02.238] +206013ms INPUT_SENT id=168 device=0 user_event="Accept" code=28 value=0 held=0.08
[2026-09-10 23:36:02.238] +206013ms RESULT id=168 op="input.tap" ok=1 down_ok=1 up_ok=1 hold_ms=80
[2026-09-10 23:36:02.238] +206013ms COMMAND id=169 op="wait" raw="{'op':'wait','ms':400}"
[2026-09-10 23:36:02.639] +206413ms RESULT id=169 op="wait" ok=1 ms=400
[2026-09-10 23:36:02.639] +206413ms COMMAND id=170 op="gfx.get" raw="{'op':'gfx.get','menu':'Journal Menu','path':'_root.QuestJournalFader.Menu_mc.ConfigPanel.dialog.menuList._selectedIndex'}"
[2026-09-10 23:36:02.641] +206416ms RESULT id=170 op="gfx.get" ok=1 menu="Journal Menu" path="_root.QuestJournalFader.Menu_mc.ConfigPanel.dialog.menuList._selectedIndex" type="number" value="4"
[2026-09-10 23:36:02.643] +206417ms BATCH_DONE n=50 commands=3 archived=1
[2026-09-10 23:36:02.894] +206668ms BATCH_CLAIMED n=51 stamp="20260911-043602"
[2026-09-10 23:36:02.894] +206669ms COMMAND id=171 op="input.tap" raw="{'op':'input.tap','code':1,'event':'Cancel'}"
[2026-09-10 23:36:02.902] +206676ms INPUT_SENT id=171 device=0 user_event="Cancel" code=1 value=1 held=0
[2026-09-10 23:36:02.986] +206761ms INPUT_SENT id=171 device=0 user_event="Cancel" code=1 value=0 held=0.08
[2026-09-10 23:36:02.986] +206761ms RESULT id=171 op="input.tap" ok=1 down_ok=1 up_ok=1 hold_ms=80
[2026-09-10 23:36:02.986] +206761ms COMMAND id=172 op="wait" raw="{'op':'wait','ms':800}"
[2026-09-10 23:36:03.786] +207561ms RESULT id=172 op="wait" ok=1 ms=800
[2026-09-10 23:36:03.786] +207561ms COMMAND id=173 op="gfx.get" raw="{'op':'gfx.get','menu':'Journal Menu','path':'_root.QuestJournalFader.Menu_mc.ConfigPanel._optionsList._entryList.6.strValue'}"
[2026-09-10 23:36:03.793] +207567ms RESULT id=173 op="gfx.get" ok=1 menu="Journal Menu" path="_root.QuestJournalFader.Menu_mc.ConfigPanel._optionsList._entryList.6.strValue" type="string" value="$SU_Sword"
[2026-09-10 23:36:03.793] +207567ms COMMAND id=174 op="gfx.get" raw="{'op':'gfx.get','menu':'Journal Menu','path':'_root.QuestJournalFader.Menu_mc.ConfigPanel.dialog._visible'}"
[2026-09-10 23:36:03.801] +207576ms RESULT id=174 op="gfx.get" ok=0 menu="Journal Menu" path="_root.QuestJournalFader.Menu_mc.ConfigPanel.dialog._visible" type="undefined" value=""
[2026-09-10 23:36:03.802] +207576ms BATCH_DONE n=51 commands=4 archived=1
[2026-09-10 23:36:04.805] +208580ms BATCH_CLAIMED n=52 stamp="20260911-043604"
[2026-09-10 23:36:04.806] +208580ms COMMAND id=175 op="input.tap" raw="{'code':203,'event':'Left','op':'input.tap'}"
[2026-09-10 23:36:04.810] +208584ms INPUT_SENT id=175 device=0 user_event="Left" code=203 value=1 held=0
[2026-09-10 23:36:04.894] +208668ms INPUT_SENT id=175 device=0 user_event="Left" code=203 value=0 held=0.08
[2026-09-10 23:36:04.894] +208668ms RESULT id=175 op="input.tap" ok=1 down_ok=1 up_ok=1 hold_ms=80
[2026-09-10 23:36:04.894] +208668ms COMMAND id=176 op="gfx.get" raw="{'path':'_root.QuestJournalFader.Menu_mc.ConfigPanel._subList._selectedIndex','op':'gfx.get','menu':'Journal Menu'}"
[2026-09-10 23:36:04.903] +208677ms RESULT id=176 op="gfx.get" ok=1 menu="Journal Menu" path="_root.QuestJournalFader.Menu_mc.ConfigPanel._subList._selectedIndex" type="number" value="2"
[2026-09-10 23:36:04.904] +208679ms BATCH_DONE n=52 commands=2 archived=1
[2026-09-10 23:36:05.406] +209180ms BATCH_CLAIMED n=53 stamp="20260911-043605"
[2026-09-10 23:36:05.406] +209180ms COMMAND id=177 op="input.tap" raw="{'code':200,'event':'Up','op':'input.tap'}"
[2026-09-10 23:36:05.406] +209181ms INPUT_SENT id=177 device=0 user_event="Up" code=200 value=1 held=0
[2026-09-10 23:36:05.491] +209265ms INPUT_SENT id=177 device=0 user_event="Up" code=200 value=0 held=0.08
[2026-09-10 23:36:05.491] +209265ms RESULT id=177 op="input.tap" ok=1 down_ok=1 up_ok=1 hold_ms=80
[2026-09-10 23:36:05.491] +209265ms COMMAND id=178 op="gfx.get" raw="{'path':'_root.QuestJournalFader.Menu_mc.ConfigPanel._subList.selectedEntry.text','op':'gfx.get','menu':'Journal Menu'}"
[2026-09-10 23:36:05.499] +209274ms RESULT id=178 op="gfx.get" ok=1 menu="Journal Menu" path="_root.QuestJournalFader.Menu_mc.ConfigPanel._subList.selectedEntry.text" type="string" value="Starting Location"
[2026-09-10 23:36:05.501] +209275ms BATCH_DONE n=53 commands=2 archived=1
[2026-09-10 23:36:06.003] +209777ms BATCH_CLAIMED n=54 stamp="20260911-043606"
[2026-09-10 23:36:06.003] +209778ms COMMAND id=179 op="input.tap" raw="{'code':28,'event':'Accept','op':'input.tap'}"
[2026-09-10 23:36:06.012] +209786ms INPUT_SENT id=179 device=0 user_event="Accept" code=28 value=1 held=0
[2026-09-10 23:36:06.096] +209870ms INPUT_SENT id=179 device=0 user_event="Accept" code=28 value=0 held=0.08
[2026-09-10 23:36:06.096] +209870ms RESULT id=179 op="input.tap" ok=1 down_ok=1 up_ok=1 hold_ms=80
[2026-09-10 23:36:06.096] +209870ms COMMAND id=180 op="wait" raw="{'ms':400,'op':'wait'}"
[2026-09-10 23:36:06.496] +210270ms RESULT id=180 op="wait" ok=1 ms=400
[2026-09-10 23:36:06.496] +210270ms COMMAND id=181 op="gfx.get" raw="{'path':'_root.QuestJournalFader.Menu_mc.ConfigPanel._optionsList._entryList.0.text','op':'gfx.get','menu':'Journal Menu'}"
[2026-09-10 23:36:06.499] +210273ms RESULT id=181 op="gfx.get" ok=1 menu="Journal Menu" path="_root.QuestJournalFader.Menu_mc.ConfigPanel._optionsList._entryList.0.text" type="string" value="Weapon Set"
[2026-09-10 23:36:06.500] +210275ms BATCH_DONE n=54 commands=3 archived=1
[2026-09-10 23:36:07.504] +211278ms BATCH_CLAIMED n=55 stamp="20260911-043607"
[2026-09-10 23:36:07.504] +211278ms COMMAND id=182 op="input.tap" raw="{'code':205,'op':'input.tap','event':'Right'}"
[2026-09-10 23:36:07.508] +211282ms INPUT_SENT id=182 device=0 user_event="Right" code=205 value=1 held=0
[2026-09-10 23:36:07.592] +211367ms INPUT_SENT id=182 device=0 user_event="Right" code=205 value=0 held=0.08
[2026-09-10 23:36:07.592] +211367ms RESULT id=182 op="input.tap" ok=1 down_ok=1 up_ok=1 hold_ms=80
[2026-09-10 23:36:07.592] +211367ms COMMAND id=183 op="gfx.get" raw="{'op':'gfx.get','path':'_root.QuestJournalFader.Menu_mc.ConfigPanel._optionsList._selectedIndex','menu':'Journal Menu'}"
[2026-09-10 23:36:07.601] +211375ms RESULT id=183 op="gfx.get" ok=1 menu="Journal Menu" path="_root.QuestJournalFader.Menu_mc.ConfigPanel._optionsList._selectedIndex" type="number" value="0"
[2026-09-10 23:36:07.602] +211376ms BATCH_DONE n=55 commands=2 archived=1
[2026-09-10 23:36:07.853] +211628ms BATCH_CLAIMED n=56 stamp="20260911-043607"
[2026-09-10 23:36:07.853] +211628ms COMMAND id=184 op="input.tap" raw="{'code':208,'op':'input.tap','event':'Down'}"
[2026-09-10 23:36:07.861] +211636ms INPUT_SENT id=184 device=0 user_event="Down" code=208 value=1 held=0
[2026-09-10 23:36:07.945] +211720ms INPUT_SENT id=184 device=0 user_event="Down" code=208 value=0 held=0.08
[2026-09-10 23:36:07.945] +211720ms RESULT id=184 op="input.tap" ok=1 down_ok=1 up_ok=1 hold_ms=80
[2026-09-10 23:36:07.945] +211720ms COMMAND id=185 op="input.tap" raw="{'code':208,'op':'input.tap','event':'Down'}"
[2026-09-10 23:36:07.954] +211728ms INPUT_SENT id=185 device=0 user_event="Down" code=208 value=1 held=0
[2026-09-10 23:36:08.038] +211812ms INPUT_SENT id=185 device=0 user_event="Down" code=208 value=0 held=0.08
[2026-09-10 23:36:08.038] +211812ms RESULT id=185 op="input.tap" ok=1 down_ok=1 up_ok=1 hold_ms=80
[2026-09-10 23:36:08.038] +211812ms COMMAND id=186 op="input.tap" raw="{'code':208,'op':'input.tap','event':'Down'}"
[2026-09-10 23:36:08.046] +211821ms INPUT_SENT id=186 device=0 user_event="Down" code=208 value=1 held=0
[2026-09-10 23:36:08.130] +211905ms INPUT_SENT id=186 device=0 user_event="Down" code=208 value=0 held=0.08
[2026-09-10 23:36:08.130] +211905ms RESULT id=186 op="input.tap" ok=1 down_ok=1 up_ok=1 hold_ms=80
[2026-09-10 23:36:08.130] +211905ms COMMAND id=187 op="gfx.get" raw="{'op':'gfx.get','path':'_root.QuestJournalFader.Menu_mc.ConfigPanel._optionsList._selectedIndex','menu':'Journal Menu'}"
[2026-09-10 23:36:08.139] +211913ms RESULT id=187 op="gfx.get" ok=1 menu="Journal Menu" path="_root.QuestJournalFader.Menu_mc.ConfigPanel._optionsList._selectedIndex" type="number" value="6"
[2026-09-10 23:36:08.139] +211914ms BATCH_DONE n=56 commands=4 archived=1
[2026-09-10 23:36:08.391] +212165ms BATCH_CLAIMED n=57 stamp="20260911-043608"
[2026-09-10 23:36:08.391] +212166ms COMMAND id=188 op="input.tap" raw="{'code':28,'op':'input.tap','event':'Accept'}"
[2026-09-10 23:36:08.399] +212173ms INPUT_SENT id=188 device=0 user_event="Accept" code=28 value=1 held=0
[2026-09-10 23:36:08.483] +212257ms INPUT_SENT id=188 device=0 user_event="Accept" code=28 value=0 held=0.08
[2026-09-10 23:36:08.483] +212258ms RESULT id=188 op="input.tap" ok=1 down_ok=1 up_ok=1 hold_ms=80
[2026-09-10 23:36:08.483] +212258ms COMMAND id=189 op="wait" raw="{'ms':800,'op':'wait'}"
[2026-09-10 23:36:09.283] +213058ms RESULT id=189 op="wait" ok=1 ms=800
[2026-09-10 23:36:09.283] +213058ms COMMAND id=190 op="gfx.get" raw="{'op':'gfx.get','path':'_root.QuestJournalFader.Menu_mc.ConfigPanel.dialog._visible','menu':'Journal Menu'}"
[2026-09-10 23:36:09.290] +213064ms RESULT id=190 op="gfx.get" ok=1 menu="Journal Menu" path="_root.QuestJournalFader.Menu_mc.ConfigPanel.dialog._visible" type="bool" value="true"
[2026-09-10 23:36:09.290] +213064ms COMMAND id=191 op="gfx.get" raw="{'op':'gfx.get','path':'_root.QuestJournalFader.Menu_mc.ConfigPanel.dialog.menuList._entryList.6.text','menu':'Journal Menu'}"
[2026-09-10 23:36:09.298] +213073ms RESULT id=191 op="gfx.get" ok=1 menu="Journal Menu" path="_root.QuestJournalFader.Menu_mc.ConfigPanel.dialog.menuList._entryList.6.text" type="string" value="Solitude"
[2026-09-10 23:36:09.299] +213073ms BATCH_DONE n=57 commands=4 archived=1
[2026-09-10 23:36:09.550] +213325ms BATCH_CLAIMED n=58 stamp="20260911-043609"
[2026-09-10 23:36:09.551] +213325ms COMMAND id=192 op="input.tap" raw="{'code':208,'op':'input.tap','event':'Down'}"
[2026-09-10 23:36:09.558] +213333ms INPUT_SENT id=192 device=0 user_event="Down" code=208 value=1 held=0
[2026-09-10 23:36:09.643] +213417ms INPUT_SENT id=192 device=0 user_event="Down" code=208 value=0 held=0.08
[2026-09-10 23:36:09.643] +213417ms RESULT id=192 op="input.tap" ok=1 down_ok=1 up_ok=1 hold_ms=80
[2026-09-10 23:36:09.643] +213417ms COMMAND id=193 op="input.tap" raw="{'code':208,'op':'input.tap','event':'Down'}"
[2026-09-10 23:36:09.652] +213426ms INPUT_SENT id=193 device=0 user_event="Down" code=208 value=1 held=0
[2026-09-10 23:36:09.736] +213511ms INPUT_SENT id=193 device=0 user_event="Down" code=208 value=0 held=0.08
[2026-09-10 23:36:09.737] +213512ms RESULT id=193 op="input.tap" ok=1 down_ok=1 up_ok=1 hold_ms=80
[2026-09-10 23:36:09.738] +213512ms COMMAND id=194 op="input.tap" raw="{'code':208,'op':'input.tap','event':'Down'}"
[2026-09-10 23:36:09.745] +213519ms INPUT_SENT id=194 device=0 user_event="Down" code=208 value=1 held=0
[2026-09-10 23:36:09.828] +213603ms INPUT_SENT id=194 device=0 user_event="Down" code=208 value=0 held=0.08
[2026-09-10 23:36:09.828] +213603ms RESULT id=194 op="input.tap" ok=1 down_ok=1 up_ok=1 hold_ms=80
[2026-09-10 23:36:09.828] +213603ms COMMAND id=195 op="input.tap" raw="{'code':208,'op':'input.tap','event':'Down'}"
[2026-09-10 23:36:09.837] +213612ms INPUT_SENT id=195 device=0 user_event="Down" code=208 value=1 held=0
[2026-09-10 23:36:09.921] +213695ms INPUT_SENT id=195 device=0 user_event="Down" code=208 value=0 held=0.08
[2026-09-10 23:36:09.921] +213695ms RESULT id=195 op="input.tap" ok=1 down_ok=1 up_ok=1 hold_ms=80
[2026-09-10 23:36:09.921] +213695ms COMMAND id=196 op="input.tap" raw="{'code':208,'op':'input.tap','event':'Down'}"
[2026-09-10 23:36:09.930] +213704ms INPUT_SENT id=196 device=0 user_event="Down" code=208 value=1 held=0
[2026-09-10 23:36:10.013] +213788ms INPUT_SENT id=196 device=0 user_event="Down" code=208 value=0 held=0.08
[2026-09-10 23:36:10.013] +213788ms RESULT id=196 op="input.tap" ok=1 down_ok=1 up_ok=1 hold_ms=80
[2026-09-10 23:36:10.013] +213788ms COMMAND id=197 op="input.tap" raw="{'code':208,'op':'input.tap','event':'Down'}"
[2026-09-10 23:36:10.022] +213796ms INPUT_SENT id=197 device=0 user_event="Down" code=208 value=1 held=0
[2026-09-10 23:36:10.106] +213880ms INPUT_SENT id=197 device=0 user_event="Down" code=208 value=0 held=0.08
[2026-09-10 23:36:10.106] +213880ms RESULT id=197 op="input.tap" ok=1 down_ok=1 up_ok=1 hold_ms=80
[2026-09-10 23:36:10.106] +213880ms COMMAND id=198 op="gfx.get" raw="{'op':'gfx.get','path':'_root.QuestJournalFader.Menu_mc.ConfigPanel.dialog.menuList.selectedEntry.text','menu':'Journal Menu'}"
[2026-09-10 23:36:10.114] +213889ms RESULT id=198 op="gfx.get" ok=1 menu="Journal Menu" path="_root.QuestJournalFader.Menu_mc.ConfigPanel.dialog.menuList.selectedEntry.text" type="string" value="Solitude"
[2026-09-10 23:36:10.115] +213890ms BATCH_DONE n=58 commands=7 archived=1
[2026-09-10 23:36:10.618] +214393ms BATCH_CLAIMED n=59 stamp="20260911-043610"
[2026-09-10 23:36:10.619] +214393ms COMMAND id=199 op="input.tap" raw="{'code':28,'op':'input.tap','event':'Accept'}"
[2026-09-10 23:36:10.627] +214401ms INPUT_SENT id=199 device=0 user_event="Accept" code=28 value=1 held=0
[2026-09-10 23:36:10.711] +214485ms INPUT_SENT id=199 device=0 user_event="Accept" code=28 value=0 held=0.08
[2026-09-10 23:36:10.711] +214485ms RESULT id=199 op="input.tap" ok=1 down_ok=1 up_ok=1 hold_ms=80
[2026-09-10 23:36:10.711] +214485ms COMMAND id=200 op="wait" raw="{'ms':400,'op':'wait'}"
[2026-09-10 23:36:11.111] +214886ms RESULT id=200 op="wait" ok=1 ms=400
[2026-09-10 23:36:11.111] +214886ms COMMAND id=201 op="gfx.get" raw="{'op':'gfx.get','path':'_root.QuestJournalFader.Menu_mc.ConfigPanel.dialog.menuList._selectedIndex','menu':'Journal Menu'}"
[2026-09-10 23:36:11.114] +214889ms RESULT id=201 op="gfx.get" ok=1 menu="Journal Menu" path="_root.QuestJournalFader.Menu_mc.ConfigPanel.dialog.menuList._selectedIndex" type="number" value="6"
[2026-09-10 23:36:11.115] +214890ms BATCH_DONE n=59 commands=3 archived=1
[2026-09-10 23:36:11.367] +215141ms BATCH_CLAIMED n=60 stamp="20260911-043611"
[2026-09-10 23:36:11.367] +215142ms COMMAND id=202 op="input.tap" raw="{'code':1,'op':'input.tap','event':'Cancel'}"
[2026-09-10 23:36:11.375] +215149ms INPUT_SENT id=202 device=0 user_event="Cancel" code=1 value=1 held=0
[2026-09-10 23:36:11.459] +215233ms INPUT_SENT id=202 device=0 user_event="Cancel" code=1 value=0 held=0.08
[2026-09-10 23:36:11.459] +215233ms RESULT id=202 op="input.tap" ok=1 down_ok=1 up_ok=1 hold_ms=80
[2026-09-10 23:36:11.459] +215233ms COMMAND id=203 op="wait" raw="{'ms':800,'op':'wait'}"
[2026-09-10 23:36:12.259] +216034ms RESULT id=203 op="wait" ok=1 ms=800
[2026-09-10 23:36:12.259] +216034ms COMMAND id=204 op="gfx.get" raw="{'op':'gfx.get','path':'_root.QuestJournalFader.Menu_mc.ConfigPanel._optionsList._entryList.6.strValue','menu':'Journal Menu'}"
[2026-09-10 23:36:12.266] +216040ms RESULT id=204 op="gfx.get" ok=1 menu="Journal Menu" path="_root.QuestJournalFader.Menu_mc.ConfigPanel._optionsList._entryList.6.strValue" type="string" value="$SU_City6"
[2026-09-10 23:36:12.266] +216040ms COMMAND id=205 op="gfx.get" raw="{'op':'gfx.get','path':'_root.QuestJournalFader.Menu_mc.ConfigPanel.dialog._visible','menu':'Journal Menu'}"
[2026-09-10 23:36:12.274] +216049ms RESULT id=205 op="gfx.get" ok=0 menu="Journal Menu" path="_root.QuestJournalFader.Menu_mc.ConfigPanel.dialog._visible" type="undefined" value=""
[2026-09-10 23:36:12.275] +216050ms BATCH_DONE n=60 commands=4 archived=1
[2026-09-10 23:36:13.279] +217053ms BATCH_CLAIMED n=61 stamp="20260911-043613"
[2026-09-10 23:36:13.279] +217054ms COMMAND id=206 op="input.tap" raw="{'code':203,'op':'input.tap','event':'Left'}"
[2026-09-10 23:36:13.283] +217057ms INPUT_SENT id=206 device=0 user_event="Left" code=203 value=1 held=0
[2026-09-10 23:36:13.367] +217142ms INPUT_SENT id=206 device=0 user_event="Left" code=203 value=0 held=0.08
[2026-09-10 23:36:13.367] +217142ms RESULT id=206 op="input.tap" ok=1 down_ok=1 up_ok=1 hold_ms=80
[2026-09-10 23:36:13.367] +217142ms COMMAND id=207 op="gfx.get" raw="{'path':'_root.QuestJournalFader.Menu_mc.ConfigPanel._subList._selectedIndex','op':'gfx.get','menu':'Journal Menu'}"
[2026-09-10 23:36:13.376] +217150ms RESULT id=207 op="gfx.get" ok=1 menu="Journal Menu" path="_root.QuestJournalFader.Menu_mc.ConfigPanel._subList._selectedIndex" type="number" value="1"
[2026-09-10 23:36:13.377] +217152ms BATCH_DONE n=61 commands=2 archived=1
[2026-09-10 23:36:13.629] +217403ms BATCH_CLAIMED n=62 stamp="20260911-043613"
[2026-09-10 23:36:13.629] +217404ms COMMAND id=208 op="input.tap" raw="{'code':200,'op':'input.tap','event':'Up'}"
[2026-09-10 23:36:13.636] +217411ms INPUT_SENT id=208 device=0 user_event="Up" code=200 value=1 held=0
[2026-09-10 23:36:13.720] +217495ms INPUT_SENT id=208 device=0 user_event="Up" code=200 value=0 held=0.08
[2026-09-10 23:36:13.720] +217495ms RESULT id=208 op="input.tap" ok=1 down_ok=1 up_ok=1 hold_ms=80
[2026-09-10 23:36:13.720] +217495ms COMMAND id=209 op="input.tap" raw="{'code':28,'op':'input.tap','event':'Accept'}"
[2026-09-10 23:36:13.729] +217503ms INPUT_SENT id=209 device=0 user_event="Accept" code=28 value=1 held=0
[2026-09-10 23:36:13.813] +217587ms INPUT_SENT id=209 device=0 user_event="Accept" code=28 value=0 held=0.08
[2026-09-10 23:36:13.813] +217587ms RESULT id=209 op="input.tap" ok=1 down_ok=1 up_ok=1 hold_ms=80
[2026-09-10 23:36:13.813] +217587ms COMMAND id=210 op="wait" raw="{'op':'wait','ms':400}"
[2026-09-10 23:36:14.213] +217988ms RESULT id=210 op="wait" ok=1 ms=400
[2026-09-10 23:36:14.213] +217988ms COMMAND id=211 op="gfx.get" raw="{'path':'_root.QuestJournalFader.Menu_mc.ConfigPanel._optionsList._entryList.0.text','op':'gfx.get','menu':'Journal Menu'}"
[2026-09-10 23:36:14.216] +217990ms RESULT id=211 op="gfx.get" ok=1 menu="Journal Menu" path="_root.QuestJournalFader.Menu_mc.ConfigPanel._optionsList._entryList.0.text" type="string" value="Begin Your Adventure"
[2026-09-10 23:36:14.217] +217992ms BATCH_DONE n=62 commands=4 archived=1
[2026-09-10 23:36:14.719] +218493ms BATCH_CLAIMED n=63 stamp="20260911-043614"
[2026-09-10 23:36:14.719] +218494ms COMMAND id=212 op="input.tap" raw="{'code':205,'op':'input.tap','event':'Right'}"
[2026-09-10 23:36:14.720] +218495ms INPUT_SENT id=212 device=0 user_event="Right" code=205 value=1 held=0
[2026-09-10 23:36:14.804] +218579ms INPUT_SENT id=212 device=0 user_event="Right" code=205 value=0 held=0.08
[2026-09-10 23:36:14.804] +218579ms RESULT id=212 op="input.tap" ok=1 down_ok=1 up_ok=1 hold_ms=80
[2026-09-10 23:36:14.805] +218579ms COMMAND id=213 op="gfx.get" raw="{'path':'_root.QuestJournalFader.Menu_mc.ConfigPanel._optionsList._selectedIndex','op':'gfx.get','menu':'Journal Menu'}"
[2026-09-10 23:36:14.813] +218588ms RESULT id=213 op="gfx.get" ok=1 menu="Journal Menu" path="_root.QuestJournalFader.Menu_mc.ConfigPanel._optionsList._selectedIndex" type="number" value="0"
[2026-09-10 23:36:14.814] +218589ms BATCH_DONE n=63 commands=2 archived=1
[2026-09-10 23:36:15.316] +219091ms BATCH_CLAIMED n=64 stamp="20260911-043615"
[2026-09-10 23:36:15.317] +219091ms COMMAND id=214 op="input.tap" raw="{'code':28,'op':'input.tap','event':'Accept'}"
[2026-09-10 23:36:15.318] +219092ms INPUT_SENT id=214 device=0 user_event="Accept" code=28 value=1 held=0
[2026-09-10 23:36:15.436] +219210ms INPUT_SENT id=214 device=0 user_event="Accept" code=28 value=0 held=0.08
[2026-09-10 23:36:15.436] +219211ms RESULT id=214 op="input.tap" ok=1 down_ok=1 up_ok=1 hold_ms=80
[2026-09-10 23:36:15.437] +219212ms BATCH_DONE n=64 commands=1 archived=1
[2026-09-10 23:37:35.619] +299394ms BATCH_CLAIMED n=65 stamp="20260911-043735"
[2026-09-10 23:37:35.620] +299394ms COMMAND id=215 op="input.tap" raw="{'op':'input.tap','event':'Ready Weapon','code':19}"
[2026-09-10 23:37:35.635] +299409ms INPUT_SENT id=215 device=0 user_event="Ready Weapon" code=19 value=1 held=0
[2026-09-10 23:37:35.716] +299491ms INPUT_SENT id=215 device=0 user_event="Ready Weapon" code=19 value=0 held=0.08
[2026-09-10 23:37:35.716] +299491ms RESULT id=215 op="input.tap" ok=1 down_ok=1 up_ok=1 hold_ms=80
[2026-09-10 23:37:35.716] +299491ms COMMAND id=216 op="wait" raw="{'op':'wait','ms':4000}"
[2026-09-10 23:37:39.717] +303491ms RESULT id=216 op="wait" ok=1 ms=4000
[2026-09-10 23:37:39.717] +303491ms COMMAND id=217 op="ping" raw="{'op':'ping'}"
[2026-09-10 23:37:39.721] +303496ms RESULT id=217 op="ping" ok=1 runtime="1.7.104.0" ui=1 paused=0 menus_on_stack=4
[2026-09-10 23:37:39.723] +303497ms BATCH_DONE n=65 commands=3 archived=1
[2026-09-10 23:37:40.225] +304000ms BATCH_CLAIMED n=66 stamp="20260911-043740"
[2026-09-10 23:37:40.225] +304000ms COMMAND id=218 op="wait" raw="{'op':'wait','ms':2500}"
[2026-09-10 23:37:42.726] +306500ms RESULT id=218 op="wait" ok=1 ms=2500
[2026-09-10 23:37:42.726] +306500ms COMMAND id=219 op="input.tap" raw="{'op':'input.tap','event':'Ready Weapon','code':19}"
[2026-09-10 23:37:42.729] +306503ms INPUT_SENT id=219 device=0 user_event="Ready Weapon" code=19 value=1 held=0
[2026-09-10 23:37:42.811] +306585ms INPUT_SENT id=219 device=0 user_event="Ready Weapon" code=19 value=0 held=0.08
[2026-09-10 23:37:42.811] +306585ms RESULT id=219 op="input.tap" ok=1 down_ok=1 up_ok=1 hold_ms=80
[2026-09-10 23:37:42.811] +306585ms COMMAND id=220 op="wait" raw="{'op':'wait','ms':3000}"
[2026-09-10 23:37:45.811] +309586ms RESULT id=220 op="wait" ok=1 ms=3000
[2026-09-10 23:37:45.811] +309586ms COMMAND id=221 op="ping" raw="{'op':'ping'}"
[2026-09-10 23:37:45.815] +309589ms RESULT id=221 op="ping" ok=1 runtime="1.7.104.0" ui=1 paused=0 menus_on_stack=4
[2026-09-10 23:37:45.816] +309590ms BATCH_DONE n=66 commands=4 archived=1
[2026-09-10 23:39:55.916] +439691ms BATCH_CLAIMED n=67 stamp="20260911-043955"
[2026-09-10 23:39:55.917] +439691ms COMMAND id=222 op="input.tap" raw="{'op':'input.tap','event':'Tween Menu','code':15}"
[2026-09-10 23:39:55.920] +439695ms INPUT_SENT id=222 device=0 user_event="Tween Menu" code=15 value=1 held=0
[2026-09-10 23:39:56.014] +439788ms INPUT_SENT id=222 device=0 user_event="Tween Menu" code=15 value=0 held=0.08
[2026-09-10 23:39:56.014] +439788ms RESULT id=222 op="input.tap" ok=1 down_ok=1 up_ok=1 hold_ms=80
[2026-09-10 23:39:56.014] +439789ms COMMAND id=223 op="wait" raw="{'op':'wait','ms':800}"
[2026-09-10 23:39:56.814] +440589ms RESULT id=223 op="wait" ok=1 ms=800
[2026-09-10 23:39:56.814] +440589ms COMMAND id=224 op="input.tap" raw="{'op':'input.tap','event':'Right','code':205}"
[2026-09-10 23:39:56.855] +440629ms INPUT_SENT id=224 device=0 user_event="Right" code=205 value=1 held=0
[2026-09-10 23:39:56.936] +440711ms INPUT_SENT id=224 device=0 user_event="Right" code=205 value=0 held=0.08
[2026-09-10 23:39:56.936] +440711ms RESULT id=224 op="input.tap" ok=1 down_ok=1 up_ok=1 hold_ms=80
[2026-09-10 23:39:56.936] +440711ms COMMAND id=225 op="wait" raw="{'op':'wait','ms':600}"
[2026-09-10 23:39:57.537] +441312ms RESULT id=225 op="wait" ok=1 ms=600
[2026-09-10 23:39:57.537] +441312ms COMMAND id=226 op="input.tap" raw="{'op':'input.tap','event':'Accept','code':28}"
[2026-09-10 23:39:57.539] +441313ms INPUT_SENT id=226 device=0 user_event="Accept" code=28 value=1 held=0
[2026-09-10 23:39:57.657] +441432ms INPUT_SENT id=226 device=0 user_event="Accept" code=28 value=0 held=0.08
[2026-09-10 23:39:57.657] +441432ms RESULT id=226 op="input.tap" ok=1 down_ok=1 up_ok=1 hold_ms=80
[2026-09-10 23:39:57.657] +441432ms COMMAND id=227 op="wait" raw="{'op':'wait','ms':900}"
[2026-09-10 23:39:58.558] +442332ms RESULT id=227 op="wait" ok=1 ms=900
[2026-09-10 23:39:58.558] +442332ms COMMAND id=228 op="gfx.get" raw="{'op':'gfx.get','menu':'InventoryMenu','path':'_root.Menu_mc.inventoryLists.itemList._entryList.length'}"
[2026-09-10 23:39:58.568] +442342ms RESULT id=228 op="gfx.get" ok=1 menu="InventoryMenu" path="_root.Menu_mc.inventoryLists.itemList._entryList.length" type="number" value="9"
[2026-09-10 23:39:58.568] +442342ms COMMAND id=229 op="gfx.dump" raw="{'op':'gfx.dump','menu':'InventoryMenu','path':'_root.Menu_mc.inventoryLists.itemList._entryList','depth':2,'max':200}"
[2026-09-10 23:39:58.587] +442361ms MEMBER id=229 path="_root.Menu_mc.inventoryLists.itemList._entryList" type="array" value="size=9"
[2026-09-10 23:39:58.587] +442361ms MEMBER id=229 path="_root.Menu_mc.inventoryLists.itemList._entryList[0]" type="object" value="{...}"
[2026-09-10 23:39:58.587] +442361ms MEMBER id=229 path="_root.Menu_mc.inventoryLists.itemList._entryList[0].archetype" type="number" value="0"
[2026-09-10 23:39:58.587] +442361ms MEMBER id=229 path="_root.Menu_mc.inventoryLists.itemList._entryList[0].deliveryType" type="number" value="0"
[2026-09-10 23:39:58.587] +442361ms MEMBER id=229 path="_root.Menu_mc.inventoryLists.itemList._entryList[0].skyui_itemDataProcessed" type="bool" value="true"
[2026-09-10 23:39:58.587] +442361ms MEMBER id=229 path="_root.Menu_mc.inventoryLists.itemList._entryList[0].filterFlag" type="number" value="32"
[2026-09-10 23:39:58.587] +442361ms MEMBER id=229 path="_root.Menu_mc.inventoryLists.itemList._entryList[0].formType" type="number" value="46"
[2026-09-10 23:39:58.587] +442361ms MEMBER id=229 path="_root.Menu_mc.inventoryLists.itemList._entryList[0].itemIndex" type="number" value="0"
[2026-09-10 23:39:58.587] +442361ms MEMBER id=229 path="_root.Menu_mc.inventoryLists.itemList._entryList[0].effectFlags" type="number" value="2099712"
[2026-09-10 23:39:58.587] +442361ms MEMBER id=229 path="_root.Menu_mc.inventoryLists.itemList._entryList[0].favorite" type="number" value="0"
[2026-09-10 23:39:58.587] +442361ms MEMBER id=229 path="_root.Menu_mc.inventoryLists.itemList._entryList[0].eslId" type="number" value="3224"
[2026-09-10 23:39:58.587] +442361ms MEMBER id=229 path="_root.Menu_mc.inventoryLists.itemList._entryList[0].school" type="number" value="4294967295"
[2026-09-10 23:39:58.587] +442361ms MEMBER id=229 path="_root.Menu_mc.inventoryLists.itemList._entryList[0].effectKeywords" type="object" value="{...}"
[2026-09-10 23:39:58.587] +442361ms MEMBER id=229 path="_root.Menu_mc.inventoryLists.itemList._entryList[0].filteredIndex" type="number" value="0"
[2026-09-10 23:39:58.587] +442361ms MEMBER id=229 path="_root.Menu_mc.inventoryLists.itemList._entryList[0].type" type="number" value="5"
[2026-09-10 23:39:58.587] +442361ms MEMBER id=229 path="_root.Menu_mc.inventoryLists.itemList._entryList[0].formId" type="number" value="416920"
[2026-09-10 23:39:58.587] +442361ms MEMBER id=229 path="_root.Menu_mc.inventoryLists.itemList._entryList[0].baseId" type="number" value="416920"
[2026-09-10 23:39:58.587] +442361ms MEMBER id=229 path="_root.Menu_mc.inventoryLists.itemList._entryList[0].infoValueWeight" type="number" value="10"
[2026-09-10 23:39:58.587] +442361ms MEMBER id=229 path="_root.Menu_mc.inventoryLists.itemList._entryList[0].enabled" type="bool" value="true"
[2026-09-10 23:39:58.587] +442361ms MEMBER id=229 path="_root.Menu_mc.inventoryLists.itemList._entryList[0].skillLevel" type="number" value="0"
[2026-09-10 23:39:58.587] +442361ms MEMBER id=229 path="_root.Menu_mc.inventoryLists.itemList._entryList[0].subTypeDisplay" type="string" value="Food"
[2026-09-10 23:39:58.587] +442361ms MEMBER id=229 path="_root.Menu_mc.inventoryLists.itemList._entryList[0].spellName" type="string" value="Bread"
[2026-09-10 23:39:58.587] +442361ms MEMBER id=229 path="_root.Menu_mc.inventoryLists.itemList._entryList[0].useSound" type="object" value="{...}"
[2026-09-10 23:39:58.587] +442362ms MEMBER id=229 path="_root.Menu_mc.inventoryLists.itemList._entryList[0].resistance" type="number" value="4294967295"
[2026-09-10 23:39:58.587] +442362ms MEMBER id=229 path="_root.Menu_mc.inventoryLists.itemList._entryList[0].delayTime" type="number" value="0"
[2026-09-10 23:39:58.587] +442362ms MEMBER id=229 path="_root.Menu_mc.inventoryLists.itemList._entryList[0].iconLabel" type="string" value="default_food"
[2026-09-10 23:39:58.587] +442362ms MEMBER id=229 path="_root.Menu_mc.inventoryLists.itemList._entryList[0].magnitude" type="number" value="2"
[2026-09-10 23:39:58.587] +442362ms MEMBER id=229 path="_root.Menu_mc.inventoryLists.itemList._entryList[0].equipState" type="number" value="0"
[2026-09-10 23:39:58.587] +442362ms MEMBER id=229 path="_root.Menu_mc.inventoryLists.itemList._entryList[0].infoWeight" type="number" value="0.2"
[2026-09-10 23:39:58.587] +442362ms MEMBER id=229 path="_root.Menu_mc.inventoryLists.itemList._entryList[0]._sortFlag" type="number" value="0"
[2026-09-10 23:39:58.587] +442362ms MEMBER id=229 path="_root.Menu_mc.inventoryLists.itemList._entryList[0].clipIndex" type="number" value="0"
[2026-09-10 23:39:58.587] +442362ms MEMBER id=229 path="_root.Menu_mc.inventoryLists.itemList._entryList[0].infoValue" type="number" value="2"
[2026-09-10 23:39:58.587] +442362ms MEMBER id=229 path="_root.Menu_mc.inventoryLists.itemList._entryList[0].keywords" type="object" value="{...}"
[2026-09-10 23:39:58.587] +442362ms MEMBER id=229 path="_root.Menu_mc.inventoryLists.itemList._entryList[0].isStolen" type="bool" value="false"
[2026-09-10 23:39:58.587] +442362ms MEMBER id=229 path="_root.Menu_mc.inventoryLists.itemList._entryList[0].actorValue" type="number" value="24"
[2026-09-10 23:39:58.587] +442362ms MEMBER id=229 path="_root.Menu_mc.inventoryLists.itemList._entryList[0].area" type="number" value="0"
[2026-09-10 23:39:58.587] +442362ms MEMBER id=229 path="_root.Menu_mc.inventoryLists.itemList._entryList[0].count" type="number" value="1"
[2026-09-10 23:39:58.587] +442362ms MEMBER id=229 path="_root.Menu_mc.inventoryLists.itemList._entryList[0].effectName" type="string" value="Restore Health"
[2026-09-10 23:39:58.587] +442362ms MEMBER id=229 path="_root.Menu_mc.inventoryLists.itemList._entryList[0].isEquipped" type="bool" value="false"
[2026-09-10 23:39:58.587] +442362ms MEMBER id=229 path="_root.Menu_mc.inventoryLists.itemList._entryList[0].castTime" type="number" value="0"
[2026-09-10 23:39:58.587] +442362ms MEMBER id=229 path="_root.Menu_mc.inventoryLists.itemList._entryList[0].castType" type="number" value="1"
[2026-09-10 23:39:58.587] +442362ms MEMBER id=229 path="_root.Menu_mc.inventoryLists.itemList._entryList[0].subType" type="number" value="14"
[2026-09-10 23:39:58.587] +442362ms MEMBER id=229 path="_root.Menu_mc.inventoryLists.itemList._entryList[0].flags" type="number" value="3"
[2026-09-10 23:39:58.587] +442362ms MEMBER id=229 path="_root.Menu_mc.inventoryLists.itemList._entryList[0].duration" type="null" value=""
[2026-09-10 23:39:58.587] +442362ms MEMBER id=229 path="_root.Menu_mc.inventoryLists.itemList._entryList[0].text" type="string" value="Bread"
[2026-09-10 23:39:58.587] +442362ms MEMBER id=229 path="_root.Menu_mc.inventoryLists.itemList._entryList[1]" type="object" value="{...}"
[2026-09-10 23:39:58.587] +442362ms MEMBER id=229 path="_root.Menu_mc.inventoryLists.itemList._entryList[1].skyui_itemDataProcessed" type="bool" value="true"
[2026-09-10 23:39:58.587] +442362ms MEMBER id=229 path="_root.Menu_mc.inventoryLists.itemList._entryList[1].filterFlag" type="number" value="512"
[2026-09-10 23:39:58.587] +442362ms MEMBER id=229 path="_root.Menu_mc.inventoryLists.itemList._entryList[1].formType" type="number" value="32"
[2026-09-10 23:39:58.587] +442362ms MEMBER id=229 path="_root.Menu_mc.inventoryLists.itemList._entryList[1].itemIndex" type="number" value="1"
[2026-09-10 23:39:58.587] +442362ms MEMBER id=229 path="_root.Menu_mc.inventoryLists.itemList._entryList[1].favorite" type="number" value="0"
[2026-09-10 23:39:58.587] +442362ms MEMBER id=229 path="_root.Menu_mc.inventoryLists.itemList._entryList[1].eslId" type="number" value="2925"
[2026-09-10 23:39:58.587] +442362ms MEMBER id=229 path="_root.Menu_mc.inventoryLists.itemList._entryList[1].filteredIndex" type="number" value="1"
[2026-09-10 23:39:58.587] +442362ms MEMBER id=229 path="_root.Menu_mc.inventoryLists.itemList._entryList[1].baseId" type="number" value="531309"
[2026-09-10 23:39:58.587] +442362ms MEMBER id=229 path="_root.Menu_mc.inventoryLists.itemList._entryList[1].formId" type="number" value="4261944173"
[2026-09-10 23:39:58.587] +442362ms MEMBER id=229 path="_root.Menu_mc.inventoryLists.itemList._entryList[1].type" type="number" value="3"
[2026-09-10 23:39:58.587] +442362ms MEMBER id=229 path="_root.Menu_mc.inventoryLists.itemList._entryList[1].infoValue" type="number" value="1"
[2026-09-10 23:39:58.587] +442362ms MEMBER id=229 path="_root.Menu_mc.inventoryLists.itemList._entryList[1].infoValueWeight" type="number" value="17"
[2026-09-10 23:39:58.587] +442362ms MEMBER id=229 path="_root.Menu_mc.inventoryLists.itemList._entryList[1].enabled" type="bool" value="true"
[2026-09-10 23:39:58.587] +442362ms MEMBER id=229 path="_root.Menu_mc.inventoryLists.itemList._entryList[1].subTypeDisplay" type="string" value="Currency"
[2026-09-10 23:39:58.587] +442362ms MEMBER id=229 path="_root.Menu_mc.inventoryLists.itemList._entryList[1].count" type="number" value="4"
[2026-09-10 23:39:58.587] +442362ms MEMBER id=229 path="_root.Menu_mc.inventoryLists.itemList._entryList[1].iconLabel" type="string" value="misc_gold"
[2026-09-10 23:39:58.587] +442362ms MEMBER id=229 path="_root.Menu_mc.inventoryLists.itemList._entryList[1].equipState" type="number" value="0"
[2026-09-10 23:39:58.587] +442362ms MEMBER id=229 path="_root.Menu_mc.inventoryLists.itemList._entryList[1].infoWeight" type="number" value="0.06"
[2026-09-10 23:39:58.587] +442362ms MEMBER id=229 path="_root.Menu_mc.inventoryLists.itemList._entryList[1]._sortFlag" type="number" value="0"
[2026-09-10 23:39:58.587] +442362ms MEMBER id=229 path="_root.Menu_mc.inventoryLists.itemList._entryList[1].clipIndex" type="number" value="1"
[2026-09-10 23:39:58.587] +442362ms MEMBER id=229 path="_root.Menu_mc.inventoryLists.itemList._entryList[1].keywords" type="object" value="{...}"
[2026-09-10 23:39:58.587] +442362ms MEMBER id=229 path="_root.Menu_mc.inventoryLists.itemList._entryList[1].isStolen" type="bool" value="false"
[2026-09-10 23:39:58.587] +442362ms MEMBER id=229 path="_root.Menu_mc.inventoryLists.itemList._entryList[1].iconColor" type="number" value="10056451"
[2026-09-10 23:39:58.587] +442362ms MEMBER id=229 path="_root.Menu_mc.inventoryLists.itemList._entryList[1].isEquipped" type="bool" value="false"
[2026-09-10 23:39:58.587] +442362ms MEMBER id=229 path="_root.Menu_mc.inventoryLists.itemList._entryList[1].text" type="string" value="Copper Septim"
[2026-09-10 23:39:58.587] +442362ms MEMBER id=229 path="_root.Menu_mc.inventoryLists.itemList._entryList[1].subType" type="number" value="21"
[2026-09-10 23:39:58.587] +442362ms MEMBER id=229 path="_root.Menu_mc.inventoryLists.itemList._entryList[2]" type="object" value="{...}"
[2026-09-10 23:39:58.587] +442362ms MEMBER id=229 path="_root.Menu_mc.inventoryLists.itemList._entryList[2].isEnchanted" type="bool" value="false"
[2026-09-10 23:39:58.587] +442362ms MEMBER id=229 path="_root.Menu_mc.inventoryLists.itemList._entryList[2].infoArmor" type="null" value=""
[2026-09-10 23:39:58.587] +442362ms MEMBER id=229 path="_root.Menu_mc.inventoryLists.itemList._entryList[2].filterFlag" type="number" value="4"
[2026-09-10 23:39:58.587] +442362ms MEMBER id=229 path="_root.Menu_mc.inventoryLists.itemList._entryList[2].skyui_itemDataProcessed" type="bool" value="true"
[2026-09-10 23:39:58.587] +442362ms MEMBER id=229 path="_root.Menu_mc.inventoryLists.itemList._entryList[2].formType" type="number" value="26"
[2026-09-10 23:39:58.587] +442362ms MEMBER id=229 path="_root.Menu_mc.inventoryLists.itemList._entryList[2].mainPartMask" type="number" value="2"
[2026-09-10 23:39:58.587] +442362ms MEMBER id=229 path="_root.Menu_mc.inventoryLists.itemList._entryList[2].itemIndex" type="number" value="2"
[2026-09-10 23:39:58.587] +442362ms MEMBER id=229 path="_root.Menu_mc.inventoryLists.itemList._entryList[2].favorite" type="number" value="0"
[2026-09-10 23:39:58.587] +442362ms MEMBER id=229 path="_root.Menu_mc.inventoryLists.itemList._entryList[2].eslId" type="number" value="1703"
[2026-09-10 23:39:58.587] +442362ms MEMBER id=229 path="_root.Menu_mc.inventoryLists.itemList._entryList[2].filteredIndex" type="number" value="2"
[2026-09-10 23:39:58.587] +442362ms MEMBER id=229 path="_root.Menu_mc.inventoryLists.itemList._entryList[2].baseId" type="number" value="1103527"
[2026-09-10 23:39:58.587] +442362ms MEMBER id=229 path="_root.Menu_mc.inventoryLists.itemList._entryList[2].formId" type="number" value="1103527"
[2026-09-10 23:39:58.587] +442362ms MEMBER id=229 path="_root.Menu_mc.inventoryLists.itemList._entryList[2].type" type="number" value="1"
[2026-09-10 23:39:58.587] +442362ms MEMBER id=229 path="_root.Menu_mc.inventoryLists.itemList._entryList[2].infoValue" type="number" value="1"
[2026-09-10 23:39:58.587] +442362ms MEMBER id=229 path="_root.Menu_mc.inventoryLists.itemList._entryList[2].infoValueWeight" type="number" value="1"
[2026-09-10 23:39:58.587] +442362ms MEMBER id=229 path="_root.Menu_mc.inventoryLists.itemList._entryList[2].enabled" type="bool" value="true"
[2026-09-10 23:39:58.587] +442362ms MEMBER id=229 path="_root.Menu_mc.inventoryLists.itemList._entryList[2].subTypeDisplay" type="string" value="Head"
[2026-09-10 23:39:58.587] +442362ms MEMBER id=229 path="_root.Menu_mc.inventoryLists.itemList._entryList[2].count" type="number" value="1"
[2026-09-10 23:39:58.587] +442362ms MEMBER id=229 path="_root.Menu_mc.inventoryLists.itemList._entryList[2].armor" type="number" value="0"
[2026-09-10 23:39:58.587] +442362ms MEMBER id=229 path="_root.Menu_mc.inventoryLists.itemList._entryList[2].iconLabel" type="string" value="clothing_head"
[2026-09-10 23:39:58.587] +442362ms MEMBER id=229 path="_root.Menu_mc.inventoryLists.itemList._entryList[2].partMask" type="number" value="4098"
[2026-09-10 23:39:58.587] +442362ms MEMBER id=229 path="_root.Menu_mc.inventoryLists.itemList._entryList[2].equipState" type="number" value="1"
[2026-09-10 23:39:58.587] +442362ms MEMBER id=229 path="_root.Menu_mc.inventoryLists.itemList._entryList[2].weightClass" type="number" value="3"
[2026-09-10 23:39:58.587] +442362ms MEMBER id=229 path="_root.Menu_mc.inventoryLists.itemList._entryList[2]._sortFlag" type="number" value="0"
[2026-09-10 23:39:58.587] +442362ms MEMBER id=229 path="_root.Menu_mc.inventoryLists.itemList._entryList[2].clipIndex" type="number" value="2"
[2026-09-10 23:39:58.587] +442362ms MEMBER id=229 path="_root.Menu_mc.inventoryLists.itemList._entryList[2].material" type="null" value=""
[2026-09-10 23:39:58.587] +442362ms MEMBER id=229 path="_root.Menu_mc.inventoryLists.itemList._entryList[2].keywords" type="object" value="{...}"
[2026-09-10 23:39:58.587] +442362ms MEMBER id=229 path="_root.Menu_mc.inventoryLists.itemList._entryList[2].isStolen" type="bool" value="false"
[2026-09-10 23:39:58.587] +442362ms MEMBER id=229 path="_root.Menu_mc.inventoryLists.itemList._entryList[2].weightClassDisplay" type="string" value="Clothing"
[2026-09-10 23:39:58.587] +442362ms MEMBER id=229 path="_root.Menu_mc.inventoryLists.itemList._entryList[2].infoWeight" type="number" value="1"
[2026-09-10 23:39:58.587] +442362ms MEMBER id=229 path="_root.Menu_mc.inventoryLists.itemList._entryList[2].iconColor" type="number" value="15587975"
[2026-09-10 23:39:58.587] +442362ms MEMBER id=229 path="_root.Menu_mc.inventoryLists.itemList._entryList[2].materialDisplay" type="string" value="Other"
[2026-09-10 23:39:58.587] +442362ms MEMBER id=229 path="_root.Menu_mc.inventoryLists.itemList._entryList[2].isEquipped" type="bool" value="true"
[2026-09-10 23:39:58.587] +442362ms MEMBER id=229 path="_root.Menu_mc.inventoryLists.itemList._entryList[2].text" type="string" value="Mage Hood"
[2026-09-10 23:39:58.587] +442362ms MEMBER id=229 path="_root.Menu_mc.inventoryLists.itemList._entryList[2].subType" type="number" value="1"
[2026-09-10 23:39:58.587] +442362ms MEMBER id=229 path="_root.Menu_mc.inventoryLists.itemList._entryList[3]" type="object" value="{...}"
[2026-09-10 23:39:58.587] +442362ms MEMBER id=229 path="_root.Menu_mc.inventoryLists.itemList._entryList[3].skyui_itemDataProcessed" type="bool" value="true"
[2026-09-10 23:39:58.587] +442362ms MEMBER id=229 path="_root.Menu_mc.inventoryLists.itemList._entryList[3].filterFlag" type="number" value="512"
[2026-09-10 23:39:58.587] +442362ms MEMBER id=229 path="_root.Menu_mc.inventoryLists.itemList._entryList[3].formType" type="number" value="32"
[2026-09-10 23:39:58.587] +442362ms MEMBER id=229 path="_root.Menu_mc.inventoryLists.itemList._entryList[3].itemIndex" type="number" value="3"
[2026-09-10 23:39:58.587] +442362ms MEMBER id=229 path="_root.Menu_mc.inventoryLists.itemList._entryList[3].favorite" type="number" value="0"
[2026-09-10 23:39:58.587] +442362ms MEMBER id=229 path="_root.Menu_mc.inventoryLists.itemList._entryList[3].eslId" type="number" value="2083"
[2026-09-10 23:39:58.587] +442362ms MEMBER id=229 path="_root.Menu_mc.inventoryLists.itemList._entryList[3].filteredIndex" type="number" value="3"
[2026-09-10 23:39:58.588] +442362ms MEMBER id=229 path="_root.Menu_mc.inventoryLists.itemList._entryList[3].baseId" type="number" value="530467"
[2026-09-10 23:39:58.588] +442362ms MEMBER id=229 path="_root.Menu_mc.inventoryLists.itemList._entryList[3].formId" type="number" value="4261943331"
[2026-09-10 23:39:58.588] +442362ms MEMBER id=229 path="_root.Menu_mc.inventoryLists.itemList._entryList[3].type" type="number" value="3"
[2026-09-10 23:39:58.588] +442362ms MEMBER id=229 path="_root.Menu_mc.inventoryLists.itemList._entryList[3].infoValue" type="number" value="10"
[2026-09-10 23:39:58.588] +442362ms MEMBER id=229 path="_root.Menu_mc.inventoryLists.itemList._entryList[3].infoValueWeight" type="number" value="143"
[2026-09-10 23:39:58.588] +442362ms MEMBER id=229 path="_root.Menu_mc.inventoryLists.itemList._entryList[3].enabled" type="bool" value="true"
[2026-09-10 23:39:58.588] +442362ms MEMBER id=229 path="_root.Menu_mc.inventoryLists.itemList._entryList[3].subTypeDisplay" type="string" value="Currency"
[2026-09-10 23:39:58.588] +442362ms MEMBER id=229 path="_root.Menu_mc.inventoryLists.itemList._entryList[3].count" type="number" value="1"
[2026-09-10 23:39:58.588] +442362ms MEMBER id=229 path="_root.Menu_mc.inventoryLists.itemList._entryList[3].iconLabel" type="string" value="misc_gold"
[2026-09-10 23:39:58.588] +442362ms MEMBER id=229 path="_root.Menu_mc.inventoryLists.itemList._entryList[3].equipState" type="number" value="0"
[2026-09-10 23:39:58.588] +442362ms MEMBER id=229 path="_root.Menu_mc.inventoryLists.itemList._entryList[3].infoWeight" type="number" value="0.07"
[2026-09-10 23:39:58.588] +442362ms MEMBER id=229 path="_root.Menu_mc.inventoryLists.itemList._entryList[3]._sortFlag" type="number" value="0"
[2026-09-10 23:39:58.588] +442362ms MEMBER id=229 path="_root.Menu_mc.inventoryLists.itemList._entryList[3].clipIndex" type="number" value="3"
[2026-09-10 23:39:58.588] +442362ms MEMBER id=229 path="_root.Menu_mc.inventoryLists.itemList._entryList[3].keywords" type="object" value="{...}"
[2026-09-10 23:39:58.588] +442362ms MEMBER id=229 path="_root.Menu_mc.inventoryLists.itemList._entryList[3].isStolen" type="bool" value="false"
[2026-09-10 23:39:58.588] +442362ms MEMBER id=229 path="_root.Menu_mc.inventoryLists.itemList._entryList[3].iconColor" type="number" value="9207717"
[2026-09-10 23:39:58.588] +442362ms MEMBER id=229 path="_root.Menu_mc.inventoryLists.itemList._entryList[3].isEquipped" type="bool" value="false"
[2026-09-10 23:39:58.588] +442362ms MEMBER id=229 path="_root.Menu_mc.inventoryLists.itemList._entryList[3].text" type="string" value="Silver Septim"
[2026-09-10 23:39:58.588] +442362ms MEMBER id=229 path="_root.Menu_mc.inventoryLists.itemList._entryList[3].subType" type="number" value="21"
[2026-09-10 23:39:58.588] +442362ms MEMBER id=229 path="_root.Menu_mc.inventoryLists.itemList._entryList[4]" type="object" value="{...}"
[2026-09-10 23:39:58.588] +442362ms MEMBER id=229 path="_root.Menu_mc.inventoryLists.itemList._entryList[4].infoDamage" type="null" value=""
[2026-09-10 23:39:58.588] +442362ms MEMBER id=229 path="_root.Menu_mc.inventoryLists.itemList._entryList[4].isEnchanted" type="bool" value="true"
[2026-09-10 23:39:58.588] +442362ms MEMBER id=229 path="_root.Menu_mc.inventoryLists.itemList._entryList[4].skyui_itemDataProcessed" type="bool" value="true"
[2026-09-10 23:39:58.588] +442362ms MEMBER id=229 path="_root.Menu_mc.inventoryLists.itemList._entryList[4].filterFlag" type="number" value="2"
[2026-09-10 23:39:58.588] +442362ms MEMBER id=229 path="_root.Menu_mc.inventoryLists.itemList._entryList[4].formType" type="number" value="41"
[2026-09-10 23:39:58.588] +442362ms MEMBER id=229 path="_root.Menu_mc.inventoryLists.itemList._entryList[4].maxRange" type="number" value="0"
[2026-09-10 23:39:58.588] +442362ms MEMBER id=229 path="_root.Menu_mc.inventoryLists.itemList._entryList[4].itemIndex" type="number" value="4"
[2026-09-10 23:39:58.588] +442362ms MEMBER id=229 path="_root.Menu_mc.inventoryLists.itemList._entryList[4].minRange" type="number" value="0"
[2026-09-10 23:39:58.588] +442362ms MEMBER id=229 path="_root.Menu_mc.inventoryLists.itemList._entryList[4].favorite" type="number" value="0"
[2026-09-10 23:39:58.588] +442362ms MEMBER id=229 path="_root.Menu_mc.inventoryLists.itemList._entryList[4].eslId" type="number" value="3808"
[2026-09-10 23:39:58.588] +442362ms MEMBER id=229 path="_root.Menu_mc.inventoryLists.itemList._entryList[4].stagger" type="number" value="0"
[2026-09-10 23:39:58.588] +442362ms MEMBER id=229 path="_root.Menu_mc.inventoryLists.itemList._entryList[4].reach" type="number" value="1.2999999523162842"
[2026-09-10 23:39:58.588] +442362ms MEMBER id=229 path="_root.Menu_mc.inventoryLists.itemList._entryList[4].equipSlot" type="number" value="81730"
[2026-09-10 23:39:58.588] +442362ms MEMBER id=229 path="_root.Menu_mc.inventoryLists.itemList._entryList[4].filteredIndex" type="number" value="4"
[2026-09-10 23:39:58.588] +442362ms MEMBER id=229 path="_root.Menu_mc.inventoryLists.itemList._entryList[4].type" type="number" value="2"
[2026-09-10 23:39:58.588] +442362ms MEMBER id=229 path="_root.Menu_mc.inventoryLists.itemList._entryList[4].formId" type="number" value="319200"
[2026-09-10 23:39:58.588] +442362ms MEMBER id=229 path="_root.Menu_mc.inventoryLists.itemList._entryList[4].baseId" type="number" value="319200"
[2026-09-10 23:39:58.588] +442362ms MEMBER id=229 path="_root.Menu_mc.inventoryLists.itemList._entryList[4].infoValueWeight" type="number" value="23"
[2026-09-10 23:39:58.588] +442362ms MEMBER id=229 path="_root.Menu_mc.inventoryLists.itemList._entryList[4].enabled" type="bool" value="true"
[2026-09-10 23:39:58.588] +442362ms MEMBER id=229 path="_root.Menu_mc.inventoryLists.itemList._entryList[4].speed" type="number" value="1"
[2026-09-10 23:39:58.588] +442362ms MEMBER id=229 path="_root.Menu_mc.inventoryLists.itemList._entryList[4].subTypeDisplay" type="string" value="Staff"
[2026-09-10 23:39:58.588] +442362ms MEMBER id=229 path="_root.Menu_mc.inventoryLists.itemList._entryList[4].infoValue" type="number" value="183"
[2026-09-10 23:39:58.588] +442362ms MEMBER id=229 path="_root.Menu_mc.inventoryLists.itemList._entryList[4].critDamage" type="number" value="0"
[2026-09-10 23:39:58.588] +442362ms MEMBER id=229 path="_root.Menu_mc.inventoryLists.itemList._entryList[4].count" type="number" value="1"
[2026-09-10 23:39:58.588] +442362ms MEMBER id=229 path="_root.Menu_mc.inventoryLists.itemList._entryList[4].iconLabel" type="string" value="weapon_staff"
[2026-09-10 23:39:58.588] +442362ms MEMBER id=229 path="_root.Menu_mc.inventoryLists.itemList._entryList[4].equipState" type="number" value="3"
[2026-09-10 23:39:58.588] +442362ms MEMBER id=229 path="_root.Menu_mc.inventoryLists.itemList._entryList[4].infoWeight" type="number" value="8"
[2026-09-10 23:39:58.588] +442362ms MEMBER id=229 path="_root.Menu_mc.inventoryLists.itemList._entryList[4]._sortFlag" type="number" value="0"
[2026-09-10 23:39:58.588] +442362ms MEMBER id=229 path="_root.Menu_mc.inventoryLists.itemList._entryList[4].clipIndex" type="number" value="4"
[2026-09-10 23:39:58.588] +442362ms MEMBER id=229 path="_root.Menu_mc.inventoryLists.itemList._entryList[4].material" type="null" value=""
[2026-09-10 23:39:58.588] +442362ms MEMBER id=229 path="_root.Menu_mc.inventoryLists.itemList._entryList[4].keywords" type="object" value="{...}"
[2026-09-10 23:39:58.588] +442362ms MEMBER id=229 path="_root.Menu_mc.inventoryLists.itemList._entryList[4].isStolen" type="bool" value="false"
[2026-09-10 23:39:58.588] +442362ms MEMBER id=229 path="_root.Menu_mc.inventoryLists.itemList._entryList[4].damage" type="number" value="0"
[2026-09-10 23:39:58.588] +442362ms MEMBER id=229 path="_root.Menu_mc.inventoryLists.itemList._entryList[4].iconColor" type="number" value="10790335"
[2026-09-10 23:39:58.588] +442362ms MEMBER id=229 path="_root.Menu_mc.inventoryLists.itemList._entryList[4].materialDisplay" type="string" value="Other"
[2026-09-10 23:39:58.588] +442362ms MEMBER id=229 path="_root.Menu_mc.inventoryLists.itemList._entryList[4].isEquipped" type="bool" value="true"
[2026-09-10 23:39:58.588] +442362ms MEMBER id=229 path="_root.Menu_mc.inventoryLists.itemList._entryList[4].text" type="string" value="Staff of Flames"
[2026-09-10 23:39:58.588] +442362ms MEMBER id=229 path="_root.Menu_mc.inventoryLists.itemList._entryList[4].subType" type="number" value="10"
[2026-09-10 23:39:58.588] +442362ms MEMBER id=229 path="_root.Menu_mc.inventoryLists.itemList._entryList[4].isPoisoned" type="bool" value="false"
[2026-09-10 23:39:58.588] +442362ms MEMBER id=229 path="_root.Menu_mc.inventoryLists.itemList._entryList[4].baseDamage" type="number" value="0"
[2026-09-10 23:39:58.588] +442362ms MEMBER id=229 path="_root.Menu_mc.inventoryLists.itemList._entryList[4].weaponType" type="number" value="8"
[2026-09-10 23:39:58.588] +442362ms MEMBER id=229 path="_root.Menu_mc.inventoryLists.itemList._entryList[5]" type="object" value="{...}"
[2026-09-10 23:39:58.588] +442362ms MEMBER id=229 path="_root.Menu_mc.inventoryLists.itemList._entryList[5].isEnchanted" type="bool" value="false"
[2026-09-10 23:39:58.588] +442362ms MEMBER id=229 path="_root.Menu_mc.inventoryLists.itemList._entryList[5].infoArmor" type="number" value="43"
[2026-09-10 23:39:58.588] +442362ms MEMBER id=229 path="_root.Menu_mc.inventoryLists.itemList._entryList[5].filterFlag" type="number" value="4"
[2026-09-10 23:39:58.588] +442362ms MEMBER id=229 path="_root.Menu_mc.inventoryLists.itemList._entryList[5].skyui_itemDataProcessed" type="bool" value="true"
[2026-09-10 23:39:58.588] +442362ms MEMBER id=229 path="_root.Menu_mc.inventoryLists.itemList._entryList[5].formType" type="number" value="26"
[2026-09-10 23:39:58.588] +442362ms MEMBER id=229 path="_root.Menu_mc.inventoryLists.itemList._entryList[5].bestInClass" type="bool" value="true"
[2026-09-10 23:39:58.588] +442362ms MEMBER id=229 path="_root.Menu_mc.inventoryLists.itemList._entryList[5].mainPartMask" type="number" value="4"
[2026-09-10 23:39:58.588] +442362ms MEMBER id=229 path="_root.Menu_mc.inventoryLists.itemList._entryList[5].itemIndex" type="number" value="5"
[2026-09-10 23:39:58.588] +442362ms MEMBER id=229 path="_root.Menu_mc.inventoryLists.itemList._entryList[5].favorite" type="number" value="0"
[2026-09-10 23:39:58.588] +442362ms MEMBER id=229 path="_root.Menu_mc.inventoryLists.itemList._entryList[5].eslId" type="number" value="2396"
[2026-09-10 23:39:58.588] +442362ms MEMBER id=229 path="_root.Menu_mc.inventoryLists.itemList._entryList[5].filteredIndex" type="number" value="5"
[2026-09-10 23:39:58.588] +442362ms MEMBER id=229 path="_root.Menu_mc.inventoryLists.itemList._entryList[5].baseId" type="number" value="80220"
[2026-09-10 23:39:58.588] +442362ms MEMBER id=229 path="_root.Menu_mc.inventoryLists.itemList._entryList[5].formId" type="number" value="80220"
[2026-09-10 23:39:58.588] +442362ms MEMBER id=229 path="_root.Menu_mc.inventoryLists.itemList._entryList[5].type" type="number" value="1"
[2026-09-10 23:39:58.588] +442362ms MEMBER id=229 path="_root.Menu_mc.inventoryLists.itemList._entryList[5].infoValueWeight" type="number" value="16"
[2026-09-10 23:39:58.588] +442362ms MEMBER id=229 path="_root.Menu_mc.inventoryLists.itemList._entryList[5].infoValue" type="number" value="625"
[2026-09-10 23:39:58.588] +442362ms MEMBER id=229 path="_root.Menu_mc.inventoryLists.itemList._entryList[5].enabled" type="bool" value="true"
[2026-09-10 23:39:58.588] +442362ms MEMBER id=229 path="_root.Menu_mc.inventoryLists.itemList._entryList[5].subTypeDisplay" type="string" value="Body"
[2026-09-10 23:39:58.588] +442362ms MEMBER id=229 path="_root.Menu_mc.inventoryLists.itemList._entryList[5].count" type="number" value="1"
[2026-09-10 23:39:58.588] +442362ms MEMBER id=229 path="_root.Menu_mc.inventoryLists.itemList._entryList[5].armor" type="number" value="43"
[2026-09-10 23:39:58.588] +442362ms MEMBER id=229 path="_root.Menu_mc.inventoryLists.itemList._entryList[5].iconLabel" type="string" value="armor_body"
[2026-09-10 23:39:58.588] +442362ms MEMBER id=229 path="_root.Menu_mc.inventoryLists.itemList._entryList[5].partMask" type="number" value="4"
[2026-09-10 23:39:58.588] +442362ms RESULT id=229 op="gfx.dump" ok=1 menu="InventoryMenu" path="_root.Menu_mc.inventoryLists.itemList._entryList" depth=2 members_logged=200
[2026-09-10 23:39:58.588] +442362ms COMMAND id=230 op="input.tap" raw="{'op':'input.tap','event':'Cancel','code':1}"
[2026-09-10 23:39:58.605] +442380ms INPUT_SENT id=230 device=0 user_event="Cancel" code=1 value=1 held=0
[2026-09-10 23:39:58.700] +442474ms INPUT_SENT id=230 device=0 user_event="Cancel" code=1 value=0 held=0.08
[2026-09-10 23:39:58.700] +442474ms RESULT id=230 op="input.tap" ok=1 down_ok=1 up_ok=1 hold_ms=80
[2026-09-10 23:39:58.700] +442474ms COMMAND id=231 op="wait" raw="{'op':'wait','ms':500}"
[2026-09-10 23:39:59.200] +442974ms RESULT id=231 op="wait" ok=1 ms=500
[2026-09-10 23:39:59.200] +442974ms COMMAND id=232 op="input.tap" raw="{'op':'input.tap','event':'Cancel','code':1}"
[2026-09-10 23:39:59.217] +442992ms INPUT_SENT id=232 device=0 user_event="Cancel" code=1 value=1 held=0
[2026-09-10 23:39:59.314] +443088ms INPUT_SENT id=232 device=0 user_event="Cancel" code=1 value=0 held=0.08
[2026-09-10 23:39:59.314] +443088ms RESULT id=232 op="input.tap" ok=1 down_ok=1 up_ok=1 hold_ms=80
[2026-09-10 23:39:59.314] +443088ms COMMAND id=233 op="wait" raw="{'op':'wait','ms':500}"
[2026-09-10 23:39:59.814] +443588ms RESULT id=233 op="wait" ok=1 ms=500
[2026-09-10 23:39:59.814] +443588ms COMMAND id=234 op="menu.list" raw="{'op':'menu.list'}"
[2026-09-10 23:39:59.823] +443598ms STACK id=234 depth=0 name="SkyParkour"
[2026-09-10 23:39:59.823] +443598ms STACK id=234 depth=1 name="BTPS Ovelay Menu"
[2026-09-10 23:39:59.823] +443598ms STACK id=234 depth=2 name="BTPS Menu"
[2026-09-10 23:39:59.823] +443598ms STACK id=234 depth=3 name="HUD Menu"
[2026-09-10 23:39:59.823] +443598ms MENU id=234 name="SkyParkour" open=1 has_view=1
[2026-09-10 23:39:59.823] +443598ms MENU id=234 name="Fader Menu" open=0 has_view=0
[2026-09-10 23:39:59.823] +443598ms MENU id=234 name="BTPS Ovelay Menu" open=1 has_view=1
[2026-09-10 23:39:59.823] +443598ms MENU id=234 name="Book Menu" open=0 has_view=0
[2026-09-10 23:39:59.823] +443598ms MENU id=234 name="FavoritesMenu" open=0 has_view=0
[2026-09-10 23:39:59.823] +443598ms MENU id=234 name="Journal Menu" open=0 has_view=0
[2026-09-10 23:39:59.823] +443598ms MENU id=234 name="Dialogue Menu" open=0 has_view=0
[2026-09-10 23:39:59.823] +443598ms MENU id=234 name="SafeZoneMenu" open=0 has_view=0
[2026-09-10 23:39:59.823] +443598ms MENU id=234 name="TitleSequence Menu" open=0 has_view=0
[2026-09-10 23:39:59.823] +443598ms MENU id=234 name="TweenMenu" open=0 has_view=0
[2026-09-10 23:39:59.823] +443598ms MENU id=234 name="Mist Menu" open=0 has_view=0
[2026-09-10 23:39:59.823] +443598ms MENU id=234 name="GiftMenu" open=0 has_view=0
[2026-09-10 23:39:59.823] +443598ms MENU id=234 name="ContainerMenu" open=0 has_view=0
[2026-09-10 23:39:59.823] +443598ms MENU id=234 name="HUD Menu" open=1 has_view=1
[2026-09-10 23:39:59.824] +443598ms MENU id=234 name="MessageBoxMenu" open=0 has_view=0
[2026-09-10 23:39:59.824] +443598ms MENU id=234 name="Kinect Menu" open=0 has_view=0
[2026-09-10 23:39:59.824] +443598ms MENU id=234 name="Main Menu" open=0 has_view=0
[2026-09-10 23:39:59.824] +443598ms MENU id=234 name="LevelUp Menu" open=0 has_view=0
[2026-09-10 23:39:59.824] +443598ms MENU id=234 name="Login Menu" open=0 has_view=0
[2026-09-10 23:39:59.824] +443598ms MENU id=234 name="Tutorial Menu" open=0 has_view=0
[2026-09-10 23:39:59.824] +443598ms MENU id=234 name="BTPS Menu" open=1 has_view=1
[2026-09-10 23:39:59.824] +443598ms MENU id=234 name="MagicMenu" open=0 has_view=0
[2026-09-10 23:39:59.824] +443598ms MENU id=234 name="CustomMenu" open=0 has_view=0
[2026-09-10 23:39:59.824] +443598ms MENU id=234 name="Training Menu" open=0 has_view=0
[2026-09-10 23:39:59.824] +443598ms MENU id=234 name="Sleep/Wait Menu" open=0 has_view=0
[2026-09-10 23:39:59.824] +443598ms MENU id=234 name="Console" open=0 has_view=0
[2026-09-10 23:39:59.824] +443598ms MENU id=234 name="MapMenu" open=0 has_view=0
[2026-09-10 23:39:59.824] +443598ms MENU id=234 name="Cursor Menu" open=0 has_view=0
[2026-09-10 23:39:59.824] +443598ms MENU id=234 name="Console Native UI Menu" open=0 has_view=0
[2026-09-10 23:39:59.824] +443598ms MENU id=234 name="Mod Manager Menu" open=0 has_view=0
[2026-09-10 23:39:59.824] +443598ms MENU id=234 name="StatsMenu" open=0 has_view=0
[2026-09-10 23:39:59.824] +443598ms MENU id=234 name="Lockpicking Menu" open=0 has_view=0
[2026-09-10 23:39:59.824] +443598ms MENU id=234 name="Marketplace Menu" open=0 has_view=0
[2026-09-10 23:39:59.824] +443598ms MENU id=234 name="Crafting Menu" open=0 has_view=0
[2026-09-10 23:39:59.824] +443598ms MENU id=234 name="InventoryMenu" open=0 has_view=0
[2026-09-10 23:39:59.824] +443598ms MENU id=234 name="Loading Menu" open=0 has_view=0
[2026-09-10 23:39:59.824] +443598ms MENU id=234 name="LoadWaitSpinner" open=0 has_view=0
[2026-09-10 23:39:59.824] +443598ms MENU id=234 name="Credits Menu" open=0 has_view=0
[2026-09-10 23:39:59.824] +443598ms MENU id=234 name="BarterMenu" open=0 has_view=0
[2026-09-10 23:39:59.824] +443598ms MENU id=234 name="RaceSex Menu" open=0 has_view=0
[2026-09-10 23:39:59.824] +443598ms RESULT id=234 op="menu.list" ok=1 registered=40 open=4 stack=4
[2026-09-10 23:39:59.825] +443599ms BATCH_DONE n=67 commands=13 archived=1
[2026-09-10 23:40:01.078] +444853ms BATCH_CLAIMED n=68 stamp="20260911-044001"
[2026-09-10 23:40:01.078] +444853ms COMMAND id=235 op="input.tap" raw="{'event':'Journal','code':36,'op':'input.tap'}"
[2026-09-10 23:40:01.108] +444883ms INPUT_SENT id=235 device=0 user_event="Journal" code=36 value=1 held=0
[2026-09-10 23:40:01.193] +444967ms INPUT_SENT id=235 device=0 user_event="Journal" code=36 value=0 held=0.08
[2026-09-10 23:40:01.193] +444967ms RESULT id=235 op="input.tap" ok=1 down_ok=1 up_ok=1 hold_ms=80
[2026-09-10 23:40:01.193] +444967ms COMMAND id=236 op="wait" raw="{'op':'wait','ms':400}"
[2026-09-10 23:40:01.593] +445367ms RESULT id=236 op="wait" ok=1 ms=400
[2026-09-10 23:40:01.593] +445368ms COMMAND id=237 op="gfx.invoke" raw="{'args':[],'menu':'Journal Menu','op':'gfx.invoke','method':'_root.QuestJournalFader.Menu_mc.SystemTab.onPress'}"
[2026-09-10 23:40:01.598] +445372ms RESULT id=237 op="gfx.invoke" ok=1 menu="Journal Menu" method="_root.QuestJournalFader.Menu_mc.SystemTab.onPress" args=0 ret_type="undefined" ret=""
[2026-09-10 23:40:01.598] +445373ms COMMAND id=238 op="gfx.invoke" raw="{'args':[],'menu':'Journal Menu','op':'gfx.invoke','method':'_root.QuestJournalFader.Menu_mc.SystemTab.onRelease'}"
[2026-09-10 23:40:01.609] +445383ms RESULT id=238 op="gfx.invoke" ok=1 menu="Journal Menu" method="_root.QuestJournalFader.Menu_mc.SystemTab.onRelease" args=0 ret_type="undefined" ret=""
[2026-09-10 23:40:01.609] +445383ms COMMAND id=239 op="gfx.get" raw="{'menu':'Journal Menu','path':'_root.QuestJournalFader.Menu_mc.SystemFader.Page_mc.CategoryList_mc.List_mc.iSelectedIndex','op':'gfx.get'}"
[2026-09-10 23:40:01.615] +445389ms RESULT id=239 op="gfx.get" ok=1 menu="Journal Menu" path="_root.QuestJournalFader.Menu_mc.SystemFader.Page_mc.CategoryList_mc.List_mc.iSelectedIndex" type="number" value="0"
[2026-09-10 23:40:01.616] +445390ms BATCH_DONE n=68 commands=5 archived=1
[2026-09-10 23:40:01.867] +445642ms BATCH_CLAIMED n=69 stamp="20260911-044001"
[2026-09-10 23:40:01.868] +445642ms COMMAND id=240 op="input.tap" raw="{'event':'Down','code':208,'op':'input.tap'}"
[2026-09-10 23:40:01.874] +445649ms INPUT_SENT id=240 device=0 user_event="Down" code=208 value=1 held=0
[2026-09-10 23:40:01.959] +445734ms INPUT_SENT id=240 device=0 user_event="Down" code=208 value=0 held=0.08
[2026-09-10 23:40:01.959] +445734ms RESULT id=240 op="input.tap" ok=1 down_ok=1 up_ok=1 hold_ms=80
[2026-09-10 23:40:01.959] +445734ms COMMAND id=241 op="input.tap" raw="{'event':'Down','code':208,'op':'input.tap'}"
[2026-09-10 23:40:01.967] +445742ms INPUT_SENT id=241 device=0 user_event="Down" code=208 value=1 held=0
[2026-09-10 23:40:02.051] +445826ms INPUT_SENT id=241 device=0 user_event="Down" code=208 value=0 held=0.08
[2026-09-10 23:40:02.051] +445826ms RESULT id=241 op="input.tap" ok=1 down_ok=1 up_ok=1 hold_ms=80
[2026-09-10 23:40:02.051] +445826ms COMMAND id=242 op="input.tap" raw="{'event':'Down','code':208,'op':'input.tap'}"
[2026-09-10 23:40:02.060] +445834ms INPUT_SENT id=242 device=0 user_event="Down" code=208 value=1 held=0
[2026-09-10 23:40:02.143] +445918ms INPUT_SENT id=242 device=0 user_event="Down" code=208 value=0 held=0.08
[2026-09-10 23:40:02.143] +445918ms RESULT id=242 op="input.tap" ok=1 down_ok=1 up_ok=1 hold_ms=80
[2026-09-10 23:40:02.144] +445918ms COMMAND id=243 op="input.tap" raw="{'event':'Down','code':208,'op':'input.tap'}"
[2026-09-10 23:40:02.152] +445927ms INPUT_SENT id=243 device=0 user_event="Down" code=208 value=1 held=0
[2026-09-10 23:40:02.236] +446011ms INPUT_SENT id=243 device=0 user_event="Down" code=208 value=0 held=0.08
[2026-09-10 23:40:02.236] +446011ms RESULT id=243 op="input.tap" ok=1 down_ok=1 up_ok=1 hold_ms=80
[2026-09-10 23:40:02.236] +446011ms COMMAND id=244 op="input.tap" raw="{'event':'Down','code':208,'op':'input.tap'}"
[2026-09-10 23:40:02.244] +446019ms INPUT_SENT id=244 device=0 user_event="Down" code=208 value=1 held=0
[2026-09-10 23:40:02.328] +446103ms INPUT_SENT id=244 device=0 user_event="Down" code=208 value=0 held=0.08
[2026-09-10 23:40:02.328] +446103ms RESULT id=244 op="input.tap" ok=1 down_ok=1 up_ok=1 hold_ms=80
[2026-09-10 23:40:02.329] +446103ms COMMAND id=245 op="input.tap" raw="{'event':'Down','code':208,'op':'input.tap'}"
[2026-09-10 23:40:02.337] +446111ms INPUT_SENT id=245 device=0 user_event="Down" code=208 value=1 held=0
[2026-09-10 23:40:02.421] +446196ms INPUT_SENT id=245 device=0 user_event="Down" code=208 value=0 held=0.08
[2026-09-10 23:40:02.421] +446196ms RESULT id=245 op="input.tap" ok=1 down_ok=1 up_ok=1 hold_ms=80
[2026-09-10 23:40:02.421] +446196ms COMMAND id=246 op="input.tap" raw="{'event':'Down','code':208,'op':'input.tap'}"
[2026-09-10 23:40:02.430] +446204ms INPUT_SENT id=246 device=0 user_event="Down" code=208 value=1 held=0
[2026-09-10 23:40:02.513] +446288ms INPUT_SENT id=246 device=0 user_event="Down" code=208 value=0 held=0.08
[2026-09-10 23:40:02.513] +446288ms RESULT id=246 op="input.tap" ok=1 down_ok=1 up_ok=1 hold_ms=80
[2026-09-10 23:40:02.513] +446288ms COMMAND id=247 op="input.tap" raw="{'event':'Down','code':208,'op':'input.tap'}"
[2026-09-10 23:40:02.522] +446296ms INPUT_SENT id=247 device=0 user_event="Down" code=208 value=1 held=0
[2026-09-10 23:40:02.607] +446381ms INPUT_SENT id=247 device=0 user_event="Down" code=208 value=0 held=0.08
[2026-09-10 23:40:02.607] +446382ms RESULT id=247 op="input.tap" ok=1 down_ok=1 up_ok=1 hold_ms=80
[2026-09-10 23:40:02.607] +446382ms COMMAND id=248 op="input.tap" raw="{'event':'Down','code':208,'op':'input.tap'}"
[2026-09-10 23:40:02.616] +446390ms INPUT_SENT id=248 device=0 user_event="Down" code=208 value=1 held=0
[2026-09-10 23:40:02.699] +446473ms INPUT_SENT id=248 device=0 user_event="Down" code=208 value=0 held=0.08
[2026-09-10 23:40:02.699] +446473ms RESULT id=248 op="input.tap" ok=1 down_ok=1 up_ok=1 hold_ms=80
[2026-09-10 23:40:02.699] +446473ms COMMAND id=249 op="gfx.get" raw="{'menu':'Journal Menu','path':'_root.QuestJournalFader.Menu_mc.SystemFader.Page_mc.CategoryList_mc.List_mc.selectedEntry.text','op':'gfx.get'}"
[2026-09-10 23:40:02.707] +446482ms RESULT id=249 op="gfx.get" ok=1 menu="Journal Menu" path="_root.QuestJournalFader.Menu_mc.SystemFader.Page_mc.CategoryList_mc.List_mc.selectedEntry.text" type="string" value="$QUIT"
[2026-09-10 23:40:02.709] +446483ms BATCH_DONE n=69 commands=10 archived=1
[2026-09-10 23:40:02.960] +446734ms BATCH_CLAIMED n=70 stamp="20260911-044002"
[2026-09-10 23:40:02.960] +446735ms COMMAND id=250 op="input.tap" raw="{'event':'Accept','code':28,'op':'input.tap'}"
[2026-09-10 23:40:02.968] +446742ms INPUT_SENT id=250 device=0 user_event="Accept" code=28 value=1 held=0
[2026-09-10 23:40:03.052] +446826ms INPUT_SENT id=250 device=0 user_event="Accept" code=28 value=0 held=0.08
[2026-09-10 23:40:03.052] +446826ms RESULT id=250 op="input.tap" ok=1 down_ok=1 up_ok=1 hold_ms=80
[2026-09-10 23:40:03.052] +446826ms COMMAND id=251 op="wait" raw="{'op':'wait','ms':400}"
[2026-09-10 23:40:03.452] +447227ms RESULT id=251 op="wait" ok=1 ms=400
[2026-09-10 23:40:03.452] +447227ms COMMAND id=252 op="gfx.get" raw="{'menu':'Journal Menu','path':'_root.QuestJournalFader.Menu_mc.SystemFader.Page_mc.PCQuitList.iSelectedIndex','op':'gfx.get'}"
[2026-09-10 23:40:03.455] +447230ms RESULT id=252 op="gfx.get" ok=1 menu="Journal Menu" path="_root.QuestJournalFader.Menu_mc.SystemFader.Page_mc.PCQuitList.iSelectedIndex" type="number" value="-1"
[2026-09-10 23:40:03.457] +447231ms BATCH_DONE n=70 commands=3 archived=1
[2026-09-10 23:40:03.709] +447483ms BATCH_CLAIMED n=71 stamp="20260911-044003"
[2026-09-10 23:40:03.709] +447483ms COMMAND id=253 op="input.tap" raw="{'event':'Down','code':208,'op':'input.tap'}"
[2026-09-10 23:40:03.716] +447490ms INPUT_SENT id=253 device=0 user_event="Down" code=208 value=1 held=0
[2026-09-10 23:40:03.800] +447574ms INPUT_SENT id=253 device=0 user_event="Down" code=208 value=0 held=0.08
[2026-09-10 23:40:03.800] +447574ms RESULT id=253 op="input.tap" ok=1 down_ok=1 up_ok=1 hold_ms=80
[2026-09-10 23:40:03.800] +447574ms COMMAND id=254 op="input.tap" raw="{'event':'Down','code':208,'op':'input.tap'}"
[2026-09-10 23:40:03.809] +447583ms INPUT_SENT id=254 device=0 user_event="Down" code=208 value=1 held=0
[2026-09-10 23:40:03.892] +447667ms INPUT_SENT id=254 device=0 user_event="Down" code=208 value=0 held=0.08
[2026-09-10 23:40:03.892] +447667ms RESULT id=254 op="input.tap" ok=1 down_ok=1 up_ok=1 hold_ms=80
[2026-09-10 23:40:03.893] +447667ms COMMAND id=255 op="gfx.get" raw="{'menu':'Journal Menu','path':'_root.QuestJournalFader.Menu_mc.SystemFader.Page_mc.PCQuitList.selectedEntry.text','op':'gfx.get'}"
[2026-09-10 23:40:03.901] +447676ms RESULT id=255 op="gfx.get" ok=1 menu="Journal Menu" path="_root.QuestJournalFader.Menu_mc.SystemFader.Page_mc.PCQuitList.selectedEntry.text" type="string" value="$Desktop"
[2026-09-10 23:40:03.902] +447677ms BATCH_DONE n=71 commands=3 archived=1
[2026-09-10 23:40:04.404] +448178ms BATCH_CLAIMED n=72 stamp="20260911-044004"
[2026-09-10 23:40:04.404] +448179ms COMMAND id=256 op="input.tap" raw="{'event':'Accept','code':28,'op':'input.tap'}"
[2026-09-10 23:40:04.405] +448180ms INPUT_SENT id=256 device=0 user_event="Accept" code=28 value=1 held=0
[2026-09-10 23:40:04.490] +448264ms INPUT_SENT id=256 device=0 user_event="Accept" code=28 value=0 held=0.08
[2026-09-10 23:40:04.490] +448264ms RESULT id=256 op="input.tap" ok=1 down_ok=1 up_ok=1 hold_ms=80
[2026-09-10 23:40:04.490] +448264ms COMMAND id=257 op="wait" raw="{'op':'wait','ms':400}"
[2026-09-10 23:40:04.890] +448664ms RESULT id=257 op="wait" ok=1 ms=400
[2026-09-10 23:40:04.890] +448664ms COMMAND id=258 op="gfx.get" raw="{'menu':'Journal Menu','path':'_root.QuestJournalFader.Menu_mc.SystemFader.Page_mc.ConfirmPanel.ConfirmText.textField.text','op':'gfx.get'}"
[2026-09-10 23:40:04.893] +448667ms RESULT id=258 op="gfx.get" ok=1 menu="Journal Menu" path="_root.QuestJournalFader.Menu_mc.SystemFader.Page_mc.ConfirmPanel.ConfirmText.textField.text" type="string" value="Quit to desktop?  Any unsaved progress will be lost."
[2026-09-10 23:40:04.894] +448668ms BATCH_DONE n=72 commands=3 archived=1
[2026-09-10 23:40:05.145] +448920ms BATCH_CLAIMED n=73 stamp="20260911-044005"
[2026-09-10 23:40:05.146] +448920ms COMMAND id=259 op="input.tap" raw="{'event':'Accept','code':28,'op':'input.tap'}"
[2026-09-10 23:40:05.154] +448928ms INPUT_SENT id=259 device=0 user_event="Accept" code=28 value=1 held=0
