[23:02:02.986] [35864] [I] CrashLogger v1-25-0-0
[23:02:02.986] [35864] [I] Crash Logs will be written to C:\Users\danjo\Documents\My Games\Skyrim Special Edition\SKSE
[23:02:02.986] [35864] [I] installed crash handlers
[23:02:02.986] [35864] [I] Thread dump hotkey monitoring started (Ctrl+Shift+F12)
[23:02:02.986] [35864] [I] CrashLogger has finished loading.
[23:05:50.450] [42976] [I] Cleaned up old file: crash-2026-09-01-17-25-41.log
[23:05:50.468] [42976] [I] Symcache not found at not defined
[23:05:50.468] [42976] [I] Attempting to load pdb for C:/WINDOWS/SYSTEM32/VCRUNTIME140.dll+001DE2C (searchPath Data/SKSE/Plugins)
[23:05:50.478] [42976] [I] Failed to open pdb for dll C:/WINDOWS/SYSTEM32/VCRUNTIME140.dll+001DE2C	PDB signature mismatch
[23:05:50.482] [42828] [I] Attempting to load pdb for C:/Program Files (x86)/Steam/steamapps/common/Skyrim Special Edition/SkyrimSE.exe+17EFB40 (searchPath Data/SKSE/Plugins)
[23:05:50.484] [42828] [I] Failed to open pdb for dll C:/Program Files (x86)/Steam/steamapps/common/Skyrim Special Edition/SkyrimSE.exe+17EFB40	PDB signature mismatch
[23:05:50.485] [42976] [I] Backfilled 1 void* pointers with known object information across all analysis
[23:05:50.485] [40392] [I] Found unhandled type:	(`anonymous namespace'::DeepCopyStream*)	.?AVDeepCopyStream@?A0x71ce6e17@@ [`anonymous namespace'::DeepCopyStream]
[23:05:50.485] [40392] [I] Found unhandled type:	(bhkRigidBody*)	.?AVbhkRigidBody@@ [bhkRigidBody]
[23:05:50.485] [40392] [I] Found unhandled type:	(bhkRigidBody*)	.?AVbhkEntity@@ [bhkEntity]
[23:05:50.485] [40392] [I] Found unhandled type:	(bhkRigidBody*)	.?AVbhkWorldObject@@ [bhkWorldObject]
[23:05:50.485] [40392] [I] Found unhandled type:	(bhkRigidBody*)	.?AVbhkSerializable@@ [bhkSerializable]
[23:05:50.485] [40392] [I] Found unhandled type:	(bhkRigidBody*)	.?AVbhkRefObject@@ [bhkRefObject]
[23:05:50.485] [40392] [I] Found unhandled type:	(bhkRigidBody*)	.?AVNiObject@@ [NiObject]
[23:05:50.485] [40392] [I] Found unhandled type:	(bhkRigidBody*)	.?AVNiRefObject@@ [NiRefObject]
[23:05:50.485] [40392] [I] Found unhandled type:	(TESObjectWEAP*)	.?AVTESObjectWEAP@@ [TESObjectWEAP]
[23:05:50.485] [40392] [I] Found unhandled type:	(TESObjectWEAP*)	.?AVTESBoundObject@@ [TESBoundObject]
[23:05:50.485] [40392] [I] Found unhandled type:	(TESObjectWEAP*)	.?AVTESObject@@ [TESObject]
[23:05:50.485] [40392] [I] Found unhandled type:	(TESObjectWEAP*)	.?AVBaseFormComponent@@ [BaseFormComponent]
[23:05:50.485] [40392] [I] Found unhandled type:	(TESObjectWEAP*)	.?AVBaseFormComponent@@ [BaseFormComponent]
[23:05:50.485] [40392] [I] Found unhandled type:	(TESObjectWEAP*)	.?AVTESModelTextureSwap@@ [TESModelTextureSwap]
[23:05:50.485] [40392] [I] Found unhandled type:	(TESObjectWEAP*)	.?AVTESModel@@ [TESModel]
[23:05:50.485] [40392] [I] Found unhandled type:	(TESObjectWEAP*)	.?AVBaseFormComponent@@ [BaseFormComponent]
[23:05:50.485] [40392] [I] Found unhandled type:	(TESObjectWEAP*)	.?AVTESIcon@@ [TESIcon]
[23:05:50.485] [40392] [I] Found unhandled type:	(TESObjectWEAP*)	.?AVTESTexture@@ [TESTexture]
[23:05:50.485] [40392] [I] Found unhandled type:	(TESObjectWEAP*)	.?AVBaseFormComponent@@ [BaseFormComponent]
[23:05:50.485] [40392] [I] Found unhandled type:	(TESObjectWEAP*)	.?AVTESEnchantableForm@@ [TESEnchantableForm]
[23:05:50.485] [40392] [I] Found unhandled type:	(TESObjectWEAP*)	.?AVBaseFormComponent@@ [BaseFormComponent]
[23:05:50.485] [40392] [I] Found unhandled type:	(TESObjectWEAP*)	.?AVTESValueForm@@ [TESValueForm]
[23:05:50.486] [40392] [I] Found unhandled type:	(TESObjectWEAP*)	.?AVBaseFormComponent@@ [BaseFormComponent]
[23:05:50.486] [40392] [I] Found unhandled type:	(TESObjectWEAP*)	.?AVTESWeightForm@@ [TESWeightForm]
[23:05:50.486] [40392] [I] Found unhandled type:	(TESObjectWEAP*)	.?AVBaseFormComponent@@ [BaseFormComponent]
[23:05:50.486] [40392] [I] Found unhandled type:	(TESObjectWEAP*)	.?AVTESAttackDamageForm@@ [TESAttackDamageForm]
[23:05:50.486] [40392] [I] Found unhandled type:	(TESObjectWEAP*)	.?AVBaseFormComponent@@ [BaseFormComponent]
[23:05:50.486] [40392] [I] Found unhandled type:	(TESObjectWEAP*)	.?AVBGSDestructibleObjectForm@@ [BGSDestructibleObjectForm]
[23:05:50.486] [40392] [I] Found unhandled type:	(TESObjectWEAP*)	.?AVBaseFormComponent@@ [BaseFormComponent]
[23:05:50.486] [40392] [I] Found unhandled type:	(TESObjectWEAP*)	.?AVBGSEquipType@@ [BGSEquipType]
[23:05:50.486] [40392] [I] Found unhandled type:	(TESObjectWEAP*)	.?AVBaseFormComponent@@ [BaseFormComponent]
[23:05:50.486] [40392] [I] Found unhandled type:	(TESObjectWEAP*)	.?AVBGSPreloadable@@ [BGSPreloadable]
[23:05:50.486] [40392] [I] Found unhandled type:	(TESObjectWEAP*)	.?AVBaseFormComponent@@ [BaseFormComponent]
[23:05:50.486] [40392] [I] Found unhandled type:	(TESObjectWEAP*)	.?AVBGSMessageIcon@@ [BGSMessageIcon]
[23:05:50.486] [40392] [I] Found unhandled type:	(TESObjectWEAP*)	.?AVBaseFormComponent@@ [BaseFormComponent]
[23:05:50.486] [40392] [I] Found unhandled type:	(TESObjectWEAP*)	.?AVBGSPickupPutdownSounds@@ [BGSPickupPutdownSounds]
[23:05:50.486] [40392] [I] Found unhandled type:	(TESObjectWEAP*)	.?AVBaseFormComponent@@ [BaseFormComponent]
[23:05:50.486] [40392] [I] Found unhandled type:	(TESObjectWEAP*)	.?AVBGSBlockBashData@@ [BGSBlockBashData]
[23:05:50.486] [40392] [I] Found unhandled type:	(TESObjectWEAP*)	.?AVBaseFormComponent@@ [BaseFormComponent]
[23:05:50.486] [40392] [I] Found unhandled type:	(TESObjectWEAP*)	.?AVBGSKeywordForm@@ [BGSKeywordForm]
[23:05:50.486] [40392] [I] Found unhandled type:	(TESObjectWEAP*)	.?AVBaseFormComponent@@ [BaseFormComponent]
[23:05:50.486] [40392] [I] Found unhandled type:	(TESObjectWEAP*)	.?AVTESDescription@@ [TESDescription]
[23:05:50.486] [40392] [I] Found unhandled type:	(TESObjectWEAP*)	.?AVBaseFormComponent@@ [BaseFormComponent]
[23:05:50.486] [42976] [I] Attempting to load pdb for C:/Program Files (x86)/Steam/steamapps/common/Skyrim Special Edition/SkyrimSE.exe+010C22E (searchPath Data/SKSE/Plugins)
[23:05:50.489] [42976] [I] Failed to open pdb for dll C:/Program Files (x86)/Steam/steamapps/common/Skyrim Special Edition/SkyrimSE.exe+010C22E	PDB signature mismatch
[23:05:50.490] [10028] [I] Attempting to load pdb for C:/Program Files (x86)/Steam/steamapps/common/Skyrim Special Edition/SkyrimSE.exe+0CE1185 (searchPath Data/SKSE/Plugins)
[23:05:50.492] [10028] [I] Failed to open pdb for dll C:/Program Files (x86)/Steam/steamapps/common/Skyrim Special Edition/SkyrimSE.exe+0CE1185	PDB signature mismatch
[23:05:50.493] [12632] [I] Attempting to load pdb for C:/Program Files (x86)/Steam/steamapps/common/Skyrim Special Edition/SkyrimSE.exe+17E1408 (searchPath Data/SKSE/Plugins)
[23:05:50.495] [12632] [I] Failed to open pdb for dll C:/Program Files (x86)/Steam/steamapps/common/Skyrim Special Edition/SkyrimSE.exe+17E1408	PDB signature mismatch
[23:05:50.495] [12632] [I] Found unhandled type:	(ScrapHeap*)	.?AVScrapHeap@@ [ScrapHeap]
[23:05:50.495] [12632] [I] Found unhandled type:	(ScrapHeap*)	.?AVIMemoryStore@@ [IMemoryStore]
[23:05:50.495] [12632] [I] Found unhandled type:	(ScrapHeap*)	.?AVIMemoryStoreBase@@ [IMemoryStoreBase]
[23:05:50.497] [42828] [I] Attempting to load pdb for C:/Program Files (x86)/Steam/steamapps/common/Skyrim Special Edition/SkyrimSE.exe+331D9B0 (searchPath Data/SKSE/Plugins)
[23:05:50.498] [42828] [I] Failed to open pdb for dll C:/Program Files (x86)/Steam/steamapps/common/Skyrim Special Edition/SkyrimSE.exe+331D9B0	PDB signature mismatch
[23:05:50.498] [42828] [I] Found unhandled type:	(NiMemStream*)	.?AVNiMemStream@@ [NiMemStream]
[23:05:50.498] [42828] [I] Found unhandled type:	(NiMemStream*)	.?AVNiBinaryStream@@ [NiBinaryStream]
[23:05:50.500] [42744] [I] Attempting to load pdb for C:/Program Files (x86)/Steam/steamapps/common/Skyrim Special Edition/SkyrimSE.exe+0CE0A85 (searchPath Data/SKSE/Plugins)
[23:05:50.502] [42744] [I] Failed to open pdb for dll C:/Program Files (x86)/Steam/steamapps/common/Skyrim Special Edition/SkyrimSE.exe+0CE0A85	PDB signature mismatch
[23:05:50.504] [29536] [I] Attempting to load pdb for C:/Program Files (x86)/Steam/steamapps/common/Skyrim Special Edition/SkyrimSE.exe+0EE52C3 (searchPath Data/SKSE/Plugins)
[23:05:50.506] [29536] [I] Failed to open pdb for dll C:/Program Files (x86)/Steam/steamapps/common/Skyrim Special Edition/SkyrimSE.exe+0EE52C3	PDB signature mismatch
[23:05:50.508] [32372] [I] Attempting to load pdb for C:/Program Files (x86)/Steam/steamapps/common/Skyrim Special Edition/SkyrimSE.exe+104783B (searchPath Data/SKSE/Plugins)
[23:05:50.509] [32372] [I] Failed to open pdb for dll C:/Program Files (x86)/Steam/steamapps/common/Skyrim Special Edition/SkyrimSE.exe+104783B	PDB signature mismatch
[23:05:50.511] [9468 ] [I] Attempting to load pdb for C:/Program Files (x86)/Steam/steamapps/common/Skyrim Special Edition/SkyrimSE.exe+10569B4 (searchPath Data/SKSE/Plugins)
[23:05:50.513] [9468 ] [I] Failed to open pdb for dll C:/Program Files (x86)/Steam/steamapps/common/Skyrim Special Edition/SkyrimSE.exe+10569B4	PDB signature mismatch
[23:05:50.515] [40392] [I] Attempting to load pdb for C:/Program Files (x86)/Steam/steamapps/common/Skyrim Special Edition/SkyrimSE.exe+17E1408 (searchPath Data/SKSE/Plugins)
[23:05:50.516] [40392] [I] Failed to open pdb for dll C:/Program Files (x86)/Steam/steamapps/common/Skyrim Special Edition/SkyrimSE.exe+17E1408	PDB signature mismatch
[23:05:50.518] [42976] [I] Attempting to load pdb for C:/Program Files (x86)/Steam/steamapps/common/Skyrim Special Edition/SkyrimSE.exe+0EE6355 (searchPath Data/SKSE/Plugins)
[23:05:50.520] [42976] [I] Failed to open pdb for dll C:/Program Files (x86)/Steam/steamapps/common/Skyrim Special Edition/SkyrimSE.exe+0EE6355	PDB signature mismatch
[23:05:50.522] [10028] [I] Attempting to load pdb for C:/Program Files (x86)/Steam/steamapps/common/Skyrim Special Edition/SkyrimSE.exe+17E1408 (searchPath Data/SKSE/Plugins)
[23:05:50.524] [10028] [I] Failed to open pdb for dll C:/Program Files (x86)/Steam/steamapps/common/Skyrim Special Edition/SkyrimSE.exe+17E1408	PDB signature mismatch
[23:05:50.525] [12632] [I] Attempting to load pdb for C:/Program Files (x86)/Steam/steamapps/common/Skyrim Special Edition/SkyrimSE.exe+0EE432D (searchPath Data/SKSE/Plugins)
[23:05:50.527] [12632] [I] Failed to open pdb for dll C:/Program Files (x86)/Steam/steamapps/common/Skyrim Special Edition/SkyrimSE.exe+0EE432D	PDB signature mismatch
[23:05:50.529] [42828] [I] Attempting to load pdb for C:/Program Files (x86)/Steam/steamapps/common/Skyrim Special Edition/SkyrimSE.exe+0EE425B (searchPath Data/SKSE/Plugins)
[23:05:50.530] [42828] [I] Failed to open pdb for dll C:/Program Files (x86)/Steam/steamapps/common/Skyrim Special Edition/SkyrimSE.exe+0EE425B	PDB signature mismatch
[23:05:50.532] [42744] [I] Attempting to load pdb for C:/Program Files (x86)/Steam/steamapps/common/Skyrim Special Edition/SkyrimSE.exe+1B4AF08 (searchPath Data/SKSE/Plugins)
[23:05:50.533] [42744] [I] Failed to open pdb for dll C:/Program Files (x86)/Steam/steamapps/common/Skyrim Special Edition/SkyrimSE.exe+1B4AF08	PDB signature mismatch
[23:05:50.534] [29536] [I] Attempting to load pdb for C:/Program Files (x86)/Steam/steamapps/common/Skyrim Special Edition/SkyrimSE.exe+156A770 (searchPath Data/SKSE/Plugins)
[23:05:50.536] [29536] [I] Failed to open pdb for dll C:/Program Files (x86)/Steam/steamapps/common/Skyrim Special Edition/SkyrimSE.exe+156A770	PDB signature mismatch
[23:05:50.537] [32372] [I] Attempting to load pdb for C:/Program Files (x86)/Steam/steamapps/common/Skyrim Special Edition/SkyrimSE.exe+156A7C0 (searchPath Data/SKSE/Plugins)
[23:05:50.538] [32372] [I] Failed to open pdb for dll C:/Program Files (x86)/Steam/steamapps/common/Skyrim Special Edition/SkyrimSE.exe+156A7C0	PDB signature mismatch
[23:05:50.540] [9468 ] [I] Attempting to load pdb for C:/Program Files (x86)/Steam/steamapps/common/Skyrim Special Edition/SkyrimSE.exe+0EDCAC2 (searchPath Data/SKSE/Plugins)
[23:05:50.541] [9468 ] [I] Failed to open pdb for dll C:/Program Files (x86)/Steam/steamapps/common/Skyrim Special Edition/SkyrimSE.exe+0EDCAC2	PDB signature mismatch
[23:05:50.543] [40392] [I] Attempting to load pdb for C:/Program Files (x86)/Steam/steamapps/common/Skyrim Special Edition/SkyrimSE.exe+1A45E78 (searchPath Data/SKSE/Plugins)
[23:05:50.544] [40392] [I] Failed to open pdb for dll C:/Program Files (x86)/Steam/steamapps/common/Skyrim Special Edition/SkyrimSE.exe+1A45E78	PDB signature mismatch
[23:05:50.546] [42976] [I] Attempting to load pdb for C:/Program Files (x86)/Steam/steamapps/common/Skyrim Special Edition/SkyrimSE.exe+1A47108 (searchPath Data/SKSE/Plugins)
[23:05:50.548] [42976] [I] Failed to open pdb for dll C:/Program Files (x86)/Steam/steamapps/common/Skyrim Special Edition/SkyrimSE.exe+1A47108	PDB signature mismatch
[23:05:50.549] [10028] [I] Attempting to load pdb for C:/Program Files (x86)/Steam/steamapps/common/Skyrim Special Edition/data/SKSE/Plugins/EnsrickEquipmentDisplay.dll+00516BC (searchPath Data/SKSE/Plugins)
[23:05:50.559] [10028] [I] Successfully opened pdb for dll C:/Program Files (x86)/Steam/steamapps/common/Skyrim Special Edition/data/SKSE/Plugins/EnsrickEquipmentDisplay.dll+00516BC from C:\Users\danjo\source\repos\skyrim-tools-source\EnsrickEquipmentDisplay\build\relwithdebinfo-se-only\EnsrickEquipmentDisplay.pdb
[23:05:50.573] [10028] [I] Symbol returning:  C:\Users\danjo\source\repos\skyrim-tools-source\EnsrickEquipmentDisplay\extern\CommonLibSSE-NG\src\RE\B\BSVisit.cpp:118 RE::BSVisit::BSVisitControl RE::BSVisit::TraverseScenegraphObjects(RE::NiAVObject *,std::function<RE::BSVisit::BSVisitControl (RE::NiAVObject *)>) [?TraverseScenegraphObjects@BSVisit@RE@@YA?AW4BSVisitControl@12@PEAVNiAVObject@2@V?$function@$$A6A?AW4BSVisitControl@BSVisit@RE@@PEAVNiAVObject@3@@Z@std@@@Z]
[23:05:50.573] [10028] [I] Public symbol found for C:/Program Files (x86)/Steam/steamapps/common/Skyrim Special Edition/data/SKSE/Plugins/EnsrickEquipmentDisplay.dll+00516BC:  C:\Users\danjo\source\repos\skyrim-tools-source\EnsrickEquipmentDisplay\extern\CommonLibSSE-NG\src\RE\B\BSVisit.cpp:118 RE::BSVisit::BSVisitControl RE::BSVisit::TraverseScenegraphObjects(RE::NiAVObject *,std::function<RE::BSVisit::BSVisitControl (RE::NiAVObject *)>) [?TraverseScenegraphObjects@BSVisit@RE@@YA?AW4BSVisitControl@12@PEAVNiAVObject@2@V?$function@$$A6A?AW4BSVisitControl@BSVisit@RE@@PEAVNiAVObject@3@@Z@std@@@Z]
[23:05:50.575] [12632] [I] Attempting to load pdb for C:/Program Files (x86)/Steam/steamapps/common/Skyrim Special Edition/data/SKSE/Plugins/EnsrickEquipmentDisplay.dll+00ABA20 (searchPath Data/SKSE/Plugins)
[23:05:50.579] [12632] [I] Successfully opened pdb for dll C:/Program Files (x86)/Steam/steamapps/common/Skyrim Special Edition/data/SKSE/Plugins/EnsrickEquipmentDisplay.dll+00ABA20 from C:\Users\danjo\source\repos\skyrim-tools-source\EnsrickEquipmentDisplay\build\relwithdebinfo-se-only\EnsrickEquipmentDisplay.pdb
[23:05:50.584] [12632] [I] Symbol returning:  static char const * const RE::detail::BSFixedString<char>::EMPTY [?EMPTY@?$BSFixedString@D@detail@RE@@0QBDB]
[23:05:50.584] [12632] [I] Public symbol found for C:/Program Files (x86)/Steam/steamapps/common/Skyrim Special Edition/data/SKSE/Plugins/EnsrickEquipmentDisplay.dll+00ABA20:  static char const * const RE::detail::BSFixedString<char>::EMPTY [?EMPTY@?$BSFixedString@D@detail@RE@@0QBDB]
[23:05:50.586] [42828] [I] Attempting to load pdb for C:/Program Files (x86)/Steam/steamapps/common/Skyrim Special Edition/SkyrimSE.exe+15A8009 (searchPath Data/SKSE/Plugins)
[23:05:50.587] [42828] [I] Failed to open pdb for dll C:/Program Files (x86)/Steam/steamapps/common/Skyrim Special Edition/SkyrimSE.exe+15A8009	PDB signature mismatch
[23:05:50.589] [42744] [I] Attempting to load pdb for C:/Program Files (x86)/Steam/steamapps/common/Skyrim Special Edition/SkyrimSE.exe+0199FBE (searchPath Data/SKSE/Plugins)
[23:05:50.591] [42744] [I] Failed to open pdb for dll C:/Program Files (x86)/Steam/steamapps/common/Skyrim Special Edition/SkyrimSE.exe+0199FBE	PDB signature mismatch
[23:05:50.591] [42744] [I] Found unhandled type:	(BSResource::EntryDB<BSModelDB::DBTraits>*)	.?AV?$EntryDB@UDBTraits@BSModelDB@@@BSResource@@ [BSResource::EntryDB<BSModelDB::DBTraits>]
[23:05:50.591] [42744] [I] Found unhandled type:	(BSResource::EntryDB<BSModelDB::DBTraits>*)	.?AVIEntryDB@BSResource@@ [BSResource::IEntryDB]
[23:05:50.591] [42744] [I] Found unhandled type:	(BSResource::EntryDB<BSModelDB::DBTraits>*)	.?AU?$EntryDBBase@U?$EntryDBTraits@UDBTraits@BSModelDB@@V?$EntryDB@UDBTraits@BSModelDB@@@BSResource@@@BSResource@@@BSResource@@ [BSResource::EntryDBBase<BSResource::EntryDBTraits<BSModelDB::DBTraits,BSResource::EntryDB<BSModelDB::DBTraits> > >]
[23:05:50.591] [42744] [I] Found unhandled type:	(BSResource::EntryDB<BSModelDB::DBTraits>*)	.?AU?$EntryDBTraits@UDBTraits@BSModelDB@@V?$EntryDB@UDBTraits@BSModelDB@@@BSResource@@@BSResource@@ [BSResource::EntryDBTraits<BSModelDB::DBTraits,BSResource::EntryDB<BSModelDB::DBTraits> >]
[23:05:50.591] [42744] [I] Found unhandled type:	(BSResource::EntryDB<BSModelDB::DBTraits>*)	.?AU?$Directory@IU?$Directory@UFileID@BSResource@@V?$Entry@V?$NiPointer@VNiNode@@@@UCArgs@?$EntryDBTraits@UDBTraits@BSModelDB@@V?$EntryDB@UDBTraits@BSModelDB@@@BSResource@@@BSResource@@@2@@BSResource@@@BSResource@@ [BSResource::Directory<unsigned int,BSResource::Directory<BSResource::FileID,BSResource::Entry<NiPointer<NiNode>,BSResource::EntryDBTraits<BSModelDB::DBTraits,BSResource::EntryDB<BSModelDB::DBTraits> >::CArgs> > >]
[23:05:50.591] [42744] [I] Found unhandled type:	(BSResource::EntryDB<BSModelDB::DBTraits>*)	.?AUDBTraits@BSModelDB@@ [BSModelDB::DBTraits]
[23:05:50.591] [42744] [I] Found unhandled type:	(BSResource::EntryDB<BSModelDB::DBTraits>*)	.?AU?$BSTSingletonSDM@V?$EntryDB@UDBTraits@BSModelDB@@@BSResource@@UBSTSingletonSDMOpStaticBuffer@@@@ [BSTSingletonSDM<BSResource::EntryDB<BSModelDB::DBTraits>,BSTSingletonSDMOpStaticBuffer>]
[23:05:50.591] [42744] [I] Found unhandled type:	(BSResource::EntryDB<BSModelDB::DBTraits>*)	.?AU?$BSTSingletonSDMBase@U?$BSTSDMTraits@V?$EntryDB@UDBTraits@BSModelDB@@@BSResource@@U?$BSTSingletonSDMOpStaticBuffer@V?$EntryDB@UDBTraits@BSModelDB@@@BSResource@@@@@@@@ [BSTSingletonSDMBase<BSTSDMTraits<BSResource::EntryDB<BSModelDB::DBTraits>,BSTSingletonSDMOpStaticBuffer<BSResource::EntryDB<BSModelDB::DBTraits> > > >]
[23:05:50.591] [42744] [I] Found unhandled type:	(BSResource::EntryDB<BSModelDB::DBTraits>*)	.?AU?$BSTSDMTraits@V?$EntryDB@UDBTraits@BSModelDB@@@BSResource@@U?$BSTSingletonSDMOpStaticBuffer@V?$EntryDB@UDBTraits@BSModelDB@@@BSResource@@@@@@ [BSTSDMTraits<BSResource::EntryDB<BSModelDB::DBTraits>,BSTSingletonSDMOpStaticBuffer<BSResource::EntryDB<BSModelDB::DBTraits> > >]
[23:05:50.591] [42744] [I] Found unhandled type:	(BSResource::EntryDB<BSModelDB::DBTraits>*)	.?AU?$BSTSingletonSDMOpStaticBuffer@V?$EntryDB@UDBTraits@BSModelDB@@@BSResource@@@@ [BSTSingletonSDMOpStaticBuffer<BSResource::EntryDB<BSModelDB::DBTraits> >]
[23:05:50.592] [29536] [I] Attempting to load pdb for C:/Program Files (x86)/Steam/steamapps/common/Skyrim Special Edition/data/SKSE/Plugins/EnsrickEquipmentDisplay.dll+0083B78 (searchPath Data/SKSE/Plugins)
[23:05:50.598] [29536] [I] Successfully opened pdb for dll C:/Program Files (x86)/Steam/steamapps/common/Skyrim Special Edition/data/SKSE/Plugins/EnsrickEquipmentDisplay.dll+0083B78 from C:\Users\danjo\source\repos\skyrim-tools-source\EnsrickEquipmentDisplay\build\relwithdebinfo-se-only\EnsrickEquipmentDisplay.pdb
[23:05:50.605] [29536] [I] Symbol returning:  const std::_Fmt_iterator_buffer<std::back_insert_iterator<std::basic_string<char,std::char_traits<char>,std::allocator<char> > >,char,std::_Fmt_buffer_traits>::`vftable' [??_7?$_Fmt_iterator_buffer@V?$back_insert_iterator@V?$basic_string@DU?$char_traits@D@std@@V?$allocator@D@2@@std@@@std@@DU_Fmt_buffer_traits@2@@std@@6B@]
[23:05:50.605] [29536] [I] Public symbol found for C:/Program Files (x86)/Steam/steamapps/common/Skyrim Special Edition/data/SKSE/Plugins/EnsrickEquipmentDisplay.dll+0083B78:  const std::_Fmt_iterator_buffer<std::back_insert_iterator<std::basic_string<char,std::char_traits<char>,std::allocator<char> > >,char,std::_Fmt_buffer_traits>::`vftable' [??_7?$_Fmt_iterator_buffer@V?$back_insert_iterator@V?$basic_string@DU?$char_traits@D@std@@V?$allocator@D@2@@std@@@std@@DU_Fmt_buffer_traits@2@@std@@6B@]
[23:05:50.605] [29536] [I] Found unhandled type:	(BSResource::`anonymous namespace'::LooseFileStream*)	.?AVLooseFileStream@?A0x5f811faa@BSResource@@ [BSResource::`anonymous namespace'::LooseFileStream]
[23:05:50.605] [29536] [I] Found unhandled type:	(BSResource::`anonymous namespace'::LooseFileStream*)	.?AULooseFileStreamBase@?A0x5f811faa@BSResource@@ [BSResource::`anonymous namespace'::LooseFileStreamBase]
[23:05:50.605] [29536] [I] Found unhandled type:	(BSResource::`anonymous namespace'::LooseFileStream*)	.?AVStream@BSResource@@ [BSResource::Stream]
[23:05:50.605] [29536] [I] Found unhandled type:	(BSResource::`anonymous namespace'::LooseFileStream*)	.?AVStreamBase@BSResource@@ [BSResource::StreamBase]
[23:05:50.607] [32372] [I] Attempting to load pdb for C:/Program Files (x86)/Steam/steamapps/common/Skyrim Special Edition/data/SKSE/Plugins/EnsrickEquipmentDisplay.dll+001CB76 (searchPath Data/SKSE/Plugins)
[23:05:50.613] [32372] [I] Successfully opened pdb for dll C:/Program Files (x86)/Steam/steamapps/common/Skyrim Special Edition/data/SKSE/Plugins/EnsrickEquipmentDisplay.dll+001CB76 from C:\Users\danjo\source\repos\skyrim-tools-source\EnsrickEquipmentDisplay\build\relwithdebinfo-se-only\EnsrickEquipmentDisplay.pdb
[23:05:50.621] [32372] [I] Symbol returning:  C:\Users\danjo\source\repos\skyrim-tools-source\EnsrickEquipmentDisplay\extern\CommonLibSSE-NG\include\REL\Module.h:84 static REL::Module & REL::Module::get(void) [?get@Module@REL@@SAAEAV12@XZ]
[23:05:50.621] [32372] [I] Public symbol found for C:/Program Files (x86)/Steam/steamapps/common/Skyrim Special Edition/data/SKSE/Plugins/EnsrickEquipmentDisplay.dll+001CB76:  C:\Users\danjo\source\repos\skyrim-tools-source\EnsrickEquipmentDisplay\extern\CommonLibSSE-NG\include\REL\Module.h:84 static REL::Module & REL::Module::get(void) [?get@Module@REL@@SAAEAV12@XZ]
[23:05:50.623] [9468 ] [I] Attempting to load pdb for C:/Program Files (x86)/Steam/steamapps/common/Skyrim Special Edition/SkyrimSE.exe+15A7EB6 (searchPath Data/SKSE/Plugins)
[23:05:50.624] [9468 ] [I] Failed to open pdb for dll C:/Program Files (x86)/Steam/steamapps/common/Skyrim Special Edition/SkyrimSE.exe+15A7EB6	PDB signature mismatch
[23:05:50.625] [40392] [I] Attempting to load pdb for C:/Program Files (x86)/Steam/steamapps/common/Skyrim Special Edition/SkyrimSE.exe+1A470B8 (searchPath Data/SKSE/Plugins)
[23:05:50.626] [40392] [I] Failed to open pdb for dll C:/Program Files (x86)/Steam/steamapps/common/Skyrim Special Edition/SkyrimSE.exe+1A470B8	PDB signature mismatch
[23:05:50.628] [42976] [I] Attempting to load pdb for C:/Program Files (x86)/Steam/steamapps/common/Skyrim Special Edition/SkyrimSE.exe+1A470D8 (searchPath Data/SKSE/Plugins)
[23:05:50.629] [42976] [I] Failed to open pdb for dll C:/Program Files (x86)/Steam/steamapps/common/Skyrim Special Edition/SkyrimSE.exe+1A470D8	PDB signature mismatch
[23:05:50.631] [10028] [I] Attempting to load pdb for C:/Program Files (x86)/Steam/steamapps/common/Skyrim Special Edition/SkyrimSE.exe+1A470B8 (searchPath Data/SKSE/Plugins)
[23:05:50.632] [10028] [I] Failed to open pdb for dll C:/Program Files (x86)/Steam/steamapps/common/Skyrim Special Edition/SkyrimSE.exe+1A470B8	PDB signature mismatch
[23:05:50.634] [12632] [I] Attempting to load pdb for C:/Program Files (x86)/Steam/steamapps/common/Skyrim Special Edition/SkyrimSE.exe+1A470F8 (searchPath Data/SKSE/Plugins)
[23:05:50.635] [12632] [I] Failed to open pdb for dll C:/Program Files (x86)/Steam/steamapps/common/Skyrim Special Edition/SkyrimSE.exe+1A470F8	PDB signature mismatch
[23:05:50.635] [12632] [I] Found unhandled type:	(NiNode*)	.?AVNiNode@@ [NiNode]
[23:05:50.637] [12632] [I] Found unhandled type:	(NiNode*)	.?AVNiObject@@ [NiObject]
[23:05:50.637] [12632] [I] Found unhandled type:	(NiNode*)	.?AVNiRefObject@@ [NiRefObject]
[23:05:50.637] [42828] [I] Attempting to load pdb for C:/Program Files (x86)/Steam/steamapps/common/Skyrim Special Edition/SkyrimSE.exe+1A47148 (searchPath Data/SKSE/Plugins)
[23:05:50.639] [42828] [I] Failed to open pdb for dll C:/Program Files (x86)/Steam/steamapps/common/Skyrim Special Edition/SkyrimSE.exe+1A47148	PDB signature mismatch
[23:05:50.639] [42828] [I] Found unhandled type:	(BSFadeNode*)	.?AVBSFadeNode@@ [BSFadeNode]
[23:05:50.639] [42828] [I] Found unhandled type:	(BSFadeNode*)	.?AVNiNode@@ [NiNode]
[23:05:50.639] [42828] [I] Found unhandled type:	(BSFadeNode*)	.?AVNiObject@@ [NiObject]
[23:05:50.639] [42828] [I] Found unhandled type:	(BSFadeNode*)	.?AVNiRefObject@@ [NiRefObject]
[23:05:50.641] [42744] [I] Attempting to load pdb for C:/Program Files (x86)/Steam/steamapps/common/Skyrim Special Edition/SkyrimSE.exe+0FC9294 (searchPath Data/SKSE/Plugins)
[23:05:50.643] [42744] [I] Failed to open pdb for dll C:/Program Files (x86)/Steam/steamapps/common/Skyrim Special Edition/SkyrimSE.exe+0FC9294	PDB signature mismatch
[23:05:50.645] [29536] [I] Attempting to load pdb for C:/Program Files (x86)/Steam/steamapps/common/Skyrim Special Edition/data/SKSE/Plugins/EnsrickEquipmentDisplay.dll+001CB76 (searchPath Data/SKSE/Plugins)
[23:05:50.650] [29536] [I] Successfully opened pdb for dll C:/Program Files (x86)/Steam/steamapps/common/Skyrim Special Edition/data/SKSE/Plugins/EnsrickEquipmentDisplay.dll+001CB76 from C:\Users\danjo\source\repos\skyrim-tools-source\EnsrickEquipmentDisplay\build\relwithdebinfo-se-only\EnsrickEquipmentDisplay.pdb
[23:05:50.658] [29536] [I] Symbol returning:  C:\Users\danjo\source\repos\skyrim-tools-source\EnsrickEquipmentDisplay\extern\CommonLibSSE-NG\include\REL\Module.h:84 static REL::Module & REL::Module::get(void) [?get@Module@REL@@SAAEAV12@XZ]
[23:05:50.658] [29536] [I] Public symbol found for C:/Program Files (x86)/Steam/steamapps/common/Skyrim Special Edition/data/SKSE/Plugins/EnsrickEquipmentDisplay.dll+001CB76:  C:\Users\danjo\source\repos\skyrim-tools-source\EnsrickEquipmentDisplay\extern\CommonLibSSE-NG\include\REL\Module.h:84 static REL::Module & REL::Module::get(void) [?get@Module@REL@@SAAEAV12@XZ]
[23:05:50.659] [32372] [I] Attempting to load pdb for C:/Program Files (x86)/Steam/steamapps/common/Skyrim Special Edition/data/SKSE/Plugins/EnsrickEquipmentDisplay.dll+00514C1 (searchPath Data/SKSE/Plugins)
[23:05:50.665] [32372] [I] Successfully opened pdb for dll C:/Program Files (x86)/Steam/steamapps/common/Skyrim Special Edition/data/SKSE/Plugins/EnsrickEquipmentDisplay.dll+00514C1 from C:\Users\danjo\source\repos\skyrim-tools-source\EnsrickEquipmentDisplay\build\relwithdebinfo-se-only\EnsrickEquipmentDisplay.pdb
[23:05:50.672] [32372] [I] Symbol returning:  C:\Users\danjo\source\repos\skyrim-tools-source\EnsrickEquipmentDisplay\extern\CommonLibSSE-NG\src\RE\N\NiObject.cpp:43 void RE::NiObject::CreateDeepCopy(RE::NiPointer<RE::NiObject> &) [?CreateDeepCopy@NiObject@RE@@QEAAXAEAV?$NiPointer@VNiObject@RE@@@2@@Z] C:\Users\danjo\source\repos\skyrim-tools-source\EnsrickEquipmentDisplay\extern\CommonLibSSE-NG\src\RE\B\BSVisit.cpp:102 void RE::NiObject::CreateDeepCopy(RE::NiPointer<RE::NiObject> &) [?CreateDeepCopy@NiObject@RE@@QEAAXAEAV?$NiPointer@VNiObject@RE@@@2@@Z]
[23:05:50.672] [32372] [I] Public symbol found for C:/Program Files (x86)/Steam/steamapps/common/Skyrim Special Edition/data/SKSE/Plugins/EnsrickEquipmentDisplay.dll+00514C1:  C:\Users\danjo\source\repos\skyrim-tools-source\EnsrickEquipmentDisplay\extern\CommonLibSSE-NG\src\RE\N\NiObject.cpp:43 void RE::NiObject::CreateDeepCopy(RE::NiPointer<RE::NiObject> &) [?CreateDeepCopy@NiObject@RE@@QEAAXAEAV?$NiPointer@VNiObject@RE@@@2@@Z] C:\Users\danjo\source\repos\skyrim-tools-source\EnsrickEquipmentDisplay\extern\CommonLibSSE-NG\src\RE\B\BSVisit.cpp:102 void RE::NiObject::CreateDeepCopy(RE::NiPointer<RE::NiObject> &) [?CreateDeepCopy@NiObject@RE@@QEAAXAEAV?$NiPointer@VNiObject@RE@@@2@@Z]
[23:05:50.673] [9468 ] [I] Attempting to load pdb for C:/Program Files (x86)/Steam/steamapps/common/Skyrim Special Edition/data/SKSE/Plugins/EnsrickEquipmentDisplay.dll+0001094 (searchPath Data/SKSE/Plugins)
[23:05:50.679] [9468 ] [I] Successfully opened pdb for dll C:/Program Files (x86)/Steam/steamapps/common/Skyrim Special Edition/data/SKSE/Plugins/EnsrickEquipmentDisplay.dll+0001094 from C:\Users\danjo\source\repos\skyrim-tools-source\EnsrickEquipmentDisplay\build\relwithdebinfo-se-only\EnsrickEquipmentDisplay.pdb
[23:05:50.685] [9468 ] [I] No public symbol found for C:/Program Files (x86)/Steam/steamapps/common/Skyrim Special Edition/data/SKSE/Plugins/EnsrickEquipmentDisplay.dll+0001094
[23:05:50.685] [9468 ] [I] Found unhandled type:	(PlayerCharacter*)	.?AVActor@@ [Actor]
[23:05:50.685] [9468 ] [I] Found unhandled type:	(PlayerCharacter*)	.?AVBaseFormComponent@@ [BaseFormComponent]
[23:05:50.685] [9468 ] [I] Found unhandled type:	(PlayerCharacter*)	.?AVBSHandleRefObject@@ [BSHandleRefObject]
[23:05:50.685] [9468 ] [I] Found unhandled type:	(PlayerCharacter*)	.?AVNiRefObject@@ [NiRefObject]
[23:05:50.685] [9468 ] [I] Found unhandled type:	(PlayerCharacter*)	.?AV?$BSTEventSink@UBSAnimationGraphEvent@@@@ [BSTEventSink<BSAnimationGraphEvent>]
[23:05:50.685] [9468 ] [I] Found unhandled type:	(PlayerCharacter*)	.?AVIAnimationGraphManagerHolder@@ [IAnimationGraphManagerHolder]
[23:05:50.685] [9468 ] [I] Found unhandled type:	(PlayerCharacter*)	.?AVMagicTarget@@ [MagicTarget]
[23:05:50.685] [9468 ] [I] Found unhandled type:	(PlayerCharacter*)	.?AVActorValueOwner@@ [ActorValueOwner]
[23:05:50.685] [9468 ] [I] Found unhandled type:	(PlayerCharacter*)	.?AVActorState@@ [ActorState]
[23:05:50.685] [9468 ] [I] Found unhandled type:	(PlayerCharacter*)	.?AUIMovementState@@ [IMovementState]
[23:05:50.685] [9468 ] [I] Found unhandled type:	(PlayerCharacter*)	.?AUIMovementInterface@@ [IMovementInterface]
[23:05:50.685] [9468 ] [I] Found unhandled type:	(PlayerCharacter*)	.?AV?$BSTEventSink@VBSTransformDeltaEvent@@@@ [BSTEventSink<BSTransformDeltaEvent>]
[23:05:50.685] [9468 ] [I] Found unhandled type:	(PlayerCharacter*)	.?AV?$BSTEventSink@VbhkCharacterMoveFinishEvent@@@@ [BSTEventSink<bhkCharacterMoveFinishEvent>]
[23:05:50.685] [9468 ] [I] Found unhandled type:	(PlayerCharacter*)	.?AVIPostAnimationChannelUpdateFunctor@@ [IPostAnimationChannelUpdateFunctor]
[23:05:50.685] [9468 ] [I] Found unhandled type:	(PlayerCharacter*)	.?AV?$BSTEventSource@UBGSActorCellEvent@@@@ [BSTEventSource<BGSActorCellEvent>]
[23:05:50.685] [9468 ] [I] Found unhandled type:	(PlayerCharacter*)	.?AV?$BSTEventSource@UBGSActorDeathEvent@@@@ [BSTEventSource<BGSActorDeathEvent>]
[23:05:50.685] [9468 ] [I] Found unhandled type:	(PlayerCharacter*)	.?AV?$BSTEventSource@UPositionPlayerEvent@@@@ [BSTEventSource<PositionPlayerEvent>]
[23:05:50.685] [9468 ] [I] Found unhandled type:	(PlayerCharacter*)	.?AV?$BSTEventSink@VMenuOpenCloseEvent@@@@ [BSTEventSink<MenuOpenCloseEvent>]
[23:05:50.685] [9468 ] [I] Found unhandled type:	(PlayerCharacter*)	.?AV?$BSTEventSink@VMenuModeChangeEvent@@@@ [BSTEventSink<MenuModeChangeEvent>]
[23:05:50.685] [9468 ] [I] Found unhandled type:	(PlayerCharacter*)	.?AV?$BSTEventSink@VUserEventEnabledEvent@@@@ [BSTEventSink<UserEventEnabledEvent>]
[23:05:50.685] [9468 ] [I] Found unhandled type:	(PlayerCharacter*)	.?AV?$BSTEventSink@UTESTrackedStatsEvent@@@@ [BSTEventSink<TESTrackedStatsEvent>]
[23:05:50.685] [9468 ] [I] Found unhandled type:	(PlayerCharacter*)	.?AV?$BSTEventSink@VBSSystemEvent@@@@ [BSTEventSink<BSSystemEvent>]
[23:05:50.687] [40392] [I] Attempting to load pdb for C:/Program Files (x86)/Steam/steamapps/common/Skyrim Special Edition/SkyrimSE.exe+0EDCA40 (searchPath Data/SKSE/Plugins)
[23:05:50.689] [40392] [I] Failed to open pdb for dll C:/Program Files (x86)/Steam/steamapps/common/Skyrim Special Edition/SkyrimSE.exe+0EDCA40	PDB signature mismatch
[23:05:50.691] [42976] [I] Attempting to load pdb for C:/Program Files (x86)/Steam/steamapps/common/Skyrim Special Edition/data/SKSE/Plugins/EnsrickEquipmentDisplay.dll+000193C (searchPath Data/SKSE/Plugins)
[23:05:50.697] [42976] [I] Successfully opened pdb for dll C:/Program Files (x86)/Steam/steamapps/common/Skyrim Special Edition/data/SKSE/Plugins/EnsrickEquipmentDisplay.dll+000193C from C:\Users\danjo\source\repos\skyrim-tools-source\EnsrickEquipmentDisplay\build\relwithdebinfo-se-only\EnsrickEquipmentDisplay.pdb
[23:05:50.704] [42976] [I] Symbol returning:  C:\Users\danjo\source\repos\skyrim-tools-source\EnsrickEquipmentDisplay\src\Display\Attach.cpp:159 RE::NiPointer<RE::NiAVObject> EED::Attach::BuildDisplay(RE::Actor *,RE::TESObjectWEAP *) [?BuildDisplay@Attach@EED@@YA?AV?$NiPointer@VNiAVObject@RE@@@RE@@PEAVActor@4@PEAVTESObjectWEAP@4@@Z]
[23:05:50.704] [42976] [I] Public symbol found for C:/Program Files (x86)/Steam/steamapps/common/Skyrim Special Edition/data/SKSE/Plugins/EnsrickEquipmentDisplay.dll+000193C:  C:\Users\danjo\source\repos\skyrim-tools-source\EnsrickEquipmentDisplay\src\Display\Attach.cpp:159 RE::NiPointer<RE::NiAVObject> EED::Attach::BuildDisplay(RE::Actor *,RE::TESObjectWEAP *) [?BuildDisplay@Attach@EED@@YA?AV?$NiPointer@VNiAVObject@RE@@@RE@@PEAVActor@4@PEAVTESObjectWEAP@4@@Z]
[23:05:50.706] [10028] [I] Attempting to load pdb for C:/Program Files (x86)/Steam/steamapps/common/Skyrim Special Edition/SkyrimSE.exe+0FC92C0 (searchPath Data/SKSE/Plugins)
[23:05:50.708] [10028] [I] Failed to open pdb for dll C:/Program Files (x86)/Steam/steamapps/common/Skyrim Special Edition/SkyrimSE.exe+0FC92C0	PDB signature mismatch
[23:05:50.710] [12632] [I] Attempting to load pdb for C:/Program Files (x86)/Steam/steamapps/common/Skyrim Special Edition/data/SKSE/Plugins/EnsrickEquipmentDisplay.dll+00AB9E8 (searchPath Data/SKSE/Plugins)
[23:05:50.716] [12632] [I] Successfully opened pdb for dll C:/Program Files (x86)/Steam/steamapps/common/Skyrim Special Edition/data/SKSE/Plugins/EnsrickEquipmentDisplay.dll+00AB9E8 from C:\Users\danjo\source\repos\skyrim-tools-source\EnsrickEquipmentDisplay\build\relwithdebinfo-se-only\EnsrickEquipmentDisplay.pdb
[23:05:50.722] [12632] [I] Symbol returning:  static char const * const RE::detail::BSFixedString<char>::EMPTY [?EMPTY@?$BSFixedString@D@detail@RE@@0QBDB]
[23:05:50.722] [12632] [I] Public symbol found for C:/Program Files (x86)/Steam/steamapps/common/Skyrim Special Edition/data/SKSE/Plugins/EnsrickEquipmentDisplay.dll+00AB9E8:  static char const * const RE::detail::BSFixedString<char>::EMPTY [?EMPTY@?$BSFixedString@D@detail@RE@@0QBDB]
[23:05:50.724] [42828] [I] Attempting to load pdb for C:/Program Files (x86)/Steam/steamapps/common/Skyrim Special Edition/data/SKSE/Plugins/EnsrickEquipmentDisplay.dll+001F511 (searchPath Data/SKSE/Plugins)
[23:05:50.730] [42828] [I] Successfully opened pdb for dll C:/Program Files (x86)/Steam/steamapps/common/Skyrim Special Edition/data/SKSE/Plugins/EnsrickEquipmentDisplay.dll+001F511 from C:\Users\danjo\source\repos\skyrim-tools-source\EnsrickEquipmentDisplay\build\relwithdebinfo-se-only\EnsrickEquipmentDisplay.pdb
[23:05:50.737] [42828] [I] Symbol returning:  C:\Users\danjo\source\repos\skyrim-tools-source\EnsrickEquipmentDisplay\src\Display\DisplayManager.cpp:342 void EED::DisplayManager::Apply(RE::Actor *,RE::NiAVObject *,EED::DisplayManager::ActorState &,std::span<EED::DisplayRequest const ,-1>) [?Apply@DisplayManager@EED@@AEAAXPEAVActor@RE@@PEAVNiAVObject@4@AEAUActorState@12@V?$span@$$CBUDisplayRequest@EED@@$0?0@std@@@Z]
[23:05:50.737] [42828] [I] Public symbol found for C:/Program Files (x86)/Steam/steamapps/common/Skyrim Special Edition/data/SKSE/Plugins/EnsrickEquipmentDisplay.dll+001F511:  C:\Users\danjo\source\repos\skyrim-tools-source\EnsrickEquipmentDisplay\src\Display\DisplayManager.cpp:342 void EED::DisplayManager::Apply(RE::Actor *,RE::NiAVObject *,EED::DisplayManager::ActorState &,std::span<EED::DisplayRequest const ,-1>) [?Apply@DisplayManager@EED@@AEAAXPEAVActor@RE@@PEAVNiAVObject@4@AEAUActorState@12@V?$span@$$CBUDisplayRequest@EED@@$0?0@std@@@Z]
[23:05:50.739] [42744] [I] Attempting to load pdb for C:/Program Files (x86)/Steam/steamapps/common/Skyrim Special Edition/data/SKSE/Plugins/EnsrickEquipmentDisplay.dll+0068DA4 (searchPath Data/SKSE/Plugins)
[23:05:50.745] [42744] [I] Successfully opened pdb for dll C:/Program Files (x86)/Steam/steamapps/common/Skyrim Special Edition/data/SKSE/Plugins/EnsrickEquipmentDisplay.dll+0068DA4 from C:\Users\danjo\source\repos\skyrim-tools-source\EnsrickEquipmentDisplay\build\relwithdebinfo-se-only\EnsrickEquipmentDisplay.pdb
[23:05:50.752] [42744] [I] Symbol returning:  C:\Users\danjo\source\repos\vcpkg\buildtrees\spdlog\src\v1.13.0-f032863ee1.clean\include\spdlog\logger-inl.h:130 void spdlog::logger::log_it_(spdlog::details::log_msg const &,bool,bool) [?log_it_@logger@spdlog@@IEAAXAEBUlog_msg@details@2@_N1@Z]
[23:05:50.752] [42744] [I] Public symbol found for C:/Program Files (x86)/Steam/steamapps/common/Skyrim Special Edition/data/SKSE/Plugins/EnsrickEquipmentDisplay.dll+0068DA4:  C:\Users\danjo\source\repos\vcpkg\buildtrees\spdlog\src\v1.13.0-f032863ee1.clean\include\spdlog\logger-inl.h:130 void spdlog::logger::log_it_(spdlog::details::log_msg const &,bool,bool) [?log_it_@logger@spdlog@@IEAAXAEBUlog_msg@details@2@_N1@Z]
[23:05:50.754] [11212] [I] Attempting to load pdb for C:/Program Files (x86)/Steam/steamapps/common/Skyrim Special Edition/data/SKSE/Plugins/EnsrickEquipmentDisplay.dll+0021071 (searchPath Data/SKSE/Plugins)
[23:05:50.760] [11212] [I] Successfully opened pdb for dll C:/Program Files (x86)/Steam/steamapps/common/Skyrim Special Edition/data/SKSE/Plugins/EnsrickEquipmentDisplay.dll+0021071 from C:\Users\danjo\source\repos\skyrim-tools-source\EnsrickEquipmentDisplay\build\relwithdebinfo-se-only\EnsrickEquipmentDisplay.pdb
[23:05:50.767] [11212] [I] Symbol returning:  C:\Users\danjo\source\repos\skyrim-tools-source\EnsrickEquipmentDisplay\build\relwithdebinfo-se-only\vcpkg_installed\x64-windows-static-md\include\spdlog\logger.h:335 void spdlog::logger::log_<unsigned int,std::basic_string<char,std::char_traits<char>,std::allocator<char> > const &>(spdlog::source_loc,spdlog::level::level_enum,fmt::v10::basic_string_view<char>,unsigned int &&,std::basic_string<char,std::char_traits<char>,std::allocator<char> > const &) [??$log_@IAEBV?$basic_string@DU?$char_traits@D@std@@V?$allocator@D@2@@std@@@logger@spdlog@@IEAAXUsource_loc@1@W4level_enum@level@1@V?$basic_string_view@D@v10@fmt@@$$QEAIAEBV?$basic_string@DU?$char_traits@D@std@@V?$allocator@D@2@@std@@@Z]
[23:05:50.768] [11212] [I] Public symbol found for C:/Program Files (x86)/Steam/steamapps/common/Skyrim Special Edition/data/SKSE/Plugins/EnsrickEquipmentDisplay.dll+0021071:  C:\Users\danjo\source\repos\skyrim-tools-source\EnsrickEquipmentDisplay\build\relwithdebinfo-se-only\vcpkg_installed\x64-windows-static-md\include\spdlog\logger.h:335 void spdlog::logger::log_<unsigned int,std::basic_string<char,std::char_traits<char>,std::allocator<char> > const &>(spdlog::source_loc,spdlog::level::level_enum,fmt::v10::basic_string_view<char>,unsigned int &&,std::basic_string<char,std::char_traits<char>,std::allocator<char> > const &) [??$log_@IAEBV?$basic_string@DU?$char_traits@D@std@@V?$allocator@D@2@@std@@@logger@spdlog@@IEAAXUsource_loc@1@W4level_enum@level@1@V?$basic_string_view@D@v10@fmt@@$$QEAIAEBV?$basic_string@DU?$char_traits@D@std@@V?$allocator@D@2@@std@@@Z]
[23:05:50.769] [29536] [I] Attempting to load pdb for C:/Program Files (x86)/Steam/steamapps/common/Skyrim Special Edition/data/SKSE/Plugins/EnsrickEquipmentDisplay.dll+0084788 (searchPath Data/SKSE/Plugins)
[23:05:50.775] [29536] [I] Successfully opened pdb for dll C:/Program Files (x86)/Steam/steamapps/common/Skyrim Special Edition/data/SKSE/Plugins/EnsrickEquipmentDisplay.dll+0084788 from C:\Users\danjo\source\repos\skyrim-tools-source\EnsrickEquipmentDisplay\build\relwithdebinfo-se-only\EnsrickEquipmentDisplay.pdb
[23:05:50.781] [29536] [I] Symbol returning:  const fmt::v10::basic_memory_buffer<char,250,std::allocator<char> >::`vftable' [??_7?$basic_memory_buffer@D$0PK@V?$allocator@D@std@@@v10@fmt@@6B@]
[23:05:50.781] [29536] [I] Public symbol found for C:/Program Files (x86)/Steam/steamapps/common/Skyrim Special Edition/data/SKSE/Plugins/EnsrickEquipmentDisplay.dll+0084788:  const fmt::v10::basic_memory_buffer<char,250,std::allocator<char> >::`vftable' [??_7?$basic_memory_buffer@D$0PK@V?$allocator@D@std@@@v10@fmt@@6B@]
[23:05:50.782] [32372] [I] Attempting to load pdb for C:/WINDOWS/SYSTEM32/ntdll.dll+002670B (searchPath Data/SKSE/Plugins)
[23:05:50.784] [32372] [I] Failed to open pdb for dll C:/WINDOWS/SYSTEM32/ntdll.dll+002670B	PDB signature mismatch
[23:05:50.786] [9468 ] [I] Attempting to load pdb for C:/WINDOWS/SYSTEM32/ntdll.dll+002670B (searchPath Data/SKSE/Plugins)
[23:05:50.788] [9468 ] [I] Failed to open pdb for dll C:/WINDOWS/SYSTEM32/ntdll.dll+002670B	PDB signature mismatch
[23:05:50.789] [40392] [I] Attempting to load pdb for C:/Program Files (x86)/Steam/steamapps/common/Skyrim Special Edition/data/SKSE/Plugins/EnsrickEquipmentDisplay.dll+001EAE6 (searchPath Data/SKSE/Plugins)
[23:05:50.795] [40392] [I] Successfully opened pdb for dll C:/Program Files (x86)/Steam/steamapps/common/Skyrim Special Edition/data/SKSE/Plugins/EnsrickEquipmentDisplay.dll+001EAE6 from C:\Users\danjo\source\repos\skyrim-tools-source\EnsrickEquipmentDisplay\build\relwithdebinfo-se-only\EnsrickEquipmentDisplay.pdb
[23:05:50.801] [40392] [I] Symbol returning:  C:\Users\danjo\source\repos\skyrim-tools-source\EnsrickEquipmentDisplay\src\Display\DisplayManager.cpp:274 void EED::DisplayManager::Refresh(RE::Actor *) [?Refresh@DisplayManager@EED@@QEAAXPEAVActor@RE@@@Z]
[23:05:50.801] [40392] [I] Public symbol found for C:/Program Files (x86)/Steam/steamapps/common/Skyrim Special Edition/data/SKSE/Plugins/EnsrickEquipmentDisplay.dll+001EAE6:  C:\Users\danjo\source\repos\skyrim-tools-source\EnsrickEquipmentDisplay\src\Display\DisplayManager.cpp:274 void EED::DisplayManager::Refresh(RE::Actor *) [?Refresh@DisplayManager@EED@@QEAAXPEAVActor@RE@@@Z]
[23:05:50.803] [42976] [I] Attempting to load pdb for C:/Program Files (x86)/Steam/steamapps/common/Skyrim Special Edition/data/SKSE/Plugins/EnsrickEquipmentDisplay.dll+00C8C50 (searchPath Data/SKSE/Plugins)
[23:05:50.809] [42976] [I] Successfully opened pdb for dll C:/Program Files (x86)/Steam/steamapps/common/Skyrim Special Edition/data/SKSE/Plugins/EnsrickEquipmentDisplay.dll+00C8C50 from C:\Users\danjo\source\repos\skyrim-tools-source\EnsrickEquipmentDisplay\build\relwithdebinfo-se-only\EnsrickEquipmentDisplay.pdb
[23:05:50.816] [42976] [I] Symbol returning:  SKSEPlugin_Version_C8C50
[23:05:50.816] [42976] [I] Public symbol found for C:/Program Files (x86)/Steam/steamapps/common/Skyrim Special Edition/data/SKSE/Plugins/EnsrickEquipmentDisplay.dll+00C8C50:  SKSEPlugin_Version_C8C50
[23:05:50.817] [10028] [I] Attempting to load pdb for C:/Program Files (x86)/Steam/steamapps/common/Skyrim Special Edition/data/SKSE/Plugins/EnsrickEquipmentDisplay.dll+00C8C50 (searchPath Data/SKSE/Plugins)
[23:05:50.823] [10028] [I] Successfully opened pdb for dll C:/Program Files (x86)/Steam/steamapps/common/Skyrim Special Edition/data/SKSE/Plugins/EnsrickEquipmentDisplay.dll+00C8C50 from C:\Users\danjo\source\repos\skyrim-tools-source\EnsrickEquipmentDisplay\build\relwithdebinfo-se-only\EnsrickEquipmentDisplay.pdb
[23:05:50.828] [10028] [I] Symbol returning:  SKSEPlugin_Version_C8C50
[23:05:50.828] [10028] [I] Public symbol found for C:/Program Files (x86)/Steam/steamapps/common/Skyrim Special Edition/data/SKSE/Plugins/EnsrickEquipmentDisplay.dll+00C8C50:  SKSEPlugin_Version_C8C50
[23:05:50.931] [42976] [I] Attempting to load pdb for C:/WINDOWS/SYSTEM32/VCRUNTIME140.dll+001DE2C (searchPath Data/SKSE/Plugins)
[23:05:50.934] [42976] [I] Failed to open pdb for dll C:/WINDOWS/SYSTEM32/VCRUNTIME140.dll+001DE2C	PDB signature mismatch
[23:05:50.936] [42976] [I] Attempting to load pdb for C:/WINDOWS/SYSTEM32/VCRUNTIME140.dll+001DE2C (searchPath Data/SKSE/Plugins)
[23:05:50.938] [42976] [I] Failed to open pdb for dll C:/WINDOWS/SYSTEM32/VCRUNTIME140.dll+001DE2C	PDB signature mismatch
[23:05:50.940] [42976] [I] Attempting to load pdb for C:/Program Files (x86)/Steam/steamapps/common/Skyrim Special Edition/SkyrimSE.exe+010C22E (searchPath Data/SKSE/Plugins)
[23:05:50.942] [42976] [I] Failed to open pdb for dll C:/Program Files (x86)/Steam/steamapps/common/Skyrim Special Edition/SkyrimSE.exe+010C22E	PDB signature mismatch
[23:05:50.944] [42976] [I] Attempting to load pdb for C:/Program Files (x86)/Steam/steamapps/common/Skyrim Special Edition/SkyrimSE.exe+010C22E (searchPath Data/SKSE/Plugins)
[23:05:50.945] [42976] [I] Failed to open pdb for dll C:/Program Files (x86)/Steam/steamapps/common/Skyrim Special Edition/SkyrimSE.exe+010C22E	PDB signature mismatch
[23:05:50.947] [42976] [I] Attempting to load pdb for C:/Program Files (x86)/Steam/steamapps/common/Skyrim Special Edition/SkyrimSE.exe+0CE1185 (searchPath Data/SKSE/Plugins)
[23:05:50.949] [42976] [I] Failed to open pdb for dll C:/Program Files (x86)/Steam/steamapps/common/Skyrim Special Edition/SkyrimSE.exe+0CE1185	PDB signature mismatch
[23:05:50.951] [42976] [I] Attempting to load pdb for C:/Program Files (x86)/Steam/steamapps/common/Skyrim Special Edition/SkyrimSE.exe+0CE1185 (searchPath Data/SKSE/Plugins)
[23:05:50.952] [42976] [I] Failed to open pdb for dll C:/Program Files (x86)/Steam/steamapps/common/Skyrim Special Edition/SkyrimSE.exe+0CE1185	PDB signature mismatch
[23:05:50.953] [42976] [I] Attempting to load pdb for C:/Program Files (x86)/Steam/steamapps/common/Skyrim Special Edition/SkyrimSE.exe+0CE0A85 (searchPath Data/SKSE/Plugins)
[23:05:50.955] [42976] [I] Failed to open pdb for dll C:/Program Files (x86)/Steam/steamapps/common/Skyrim Special Edition/SkyrimSE.exe+0CE0A85	PDB signature mismatch
[23:05:50.957] [42976] [I] Attempting to load pdb for C:/Program Files (x86)/Steam/steamapps/common/Skyrim Special Edition/SkyrimSE.exe+0CE0A85 (searchPath Data/SKSE/Plugins)
[23:05:50.958] [42976] [I] Failed to open pdb for dll C:/Program Files (x86)/Steam/steamapps/common/Skyrim Special Edition/SkyrimSE.exe+0CE0A85	PDB signature mismatch
[23:05:50.960] [42976] [I] Attempting to load pdb for C:/Program Files (x86)/Steam/steamapps/common/Skyrim Special Edition/SkyrimSE.exe+0EE52C3 (searchPath Data/SKSE/Plugins)
[23:05:50.961] [42976] [I] Failed to open pdb for dll C:/Program Files (x86)/Steam/steamapps/common/Skyrim Special Edition/SkyrimSE.exe+0EE52C3	PDB signature mismatch
[23:05:50.963] [42976] [I] Attempting to load pdb for C:/Program Files (x86)/Steam/steamapps/common/Skyrim Special Edition/SkyrimSE.exe+0EE52C3 (searchPath Data/SKSE/Plugins)
[23:05:50.964] [42976] [I] Failed to open pdb for dll C:/Program Files (x86)/Steam/steamapps/common/Skyrim Special Edition/SkyrimSE.exe+0EE52C3	PDB signature mismatch
[23:05:50.966] [42976] [I] Attempting to load pdb for C:/Program Files (x86)/Steam/steamapps/common/Skyrim Special Edition/SkyrimSE.exe+10569B4 (searchPath Data/SKSE/Plugins)
[23:05:50.968] [42976] [I] Failed to open pdb for dll C:/Program Files (x86)/Steam/steamapps/common/Skyrim Special Edition/SkyrimSE.exe+10569B4	PDB signature mismatch
[23:05:50.970] [42976] [I] Attempting to load pdb for C:/Program Files (x86)/Steam/steamapps/common/Skyrim Special Edition/SkyrimSE.exe+10569B4 (searchPath Data/SKSE/Plugins)
[23:05:50.972] [42976] [I] Failed to open pdb for dll C:/Program Files (x86)/Steam/steamapps/common/Skyrim Special Edition/SkyrimSE.exe+10569B4	PDB signature mismatch
[23:05:50.974] [42976] [I] Attempting to load pdb for C:/Program Files (x86)/Steam/steamapps/common/Skyrim Special Edition/SkyrimSE.exe+0EE6355 (searchPath Data/SKSE/Plugins)
[23:05:50.976] [42976] [I] Failed to open pdb for dll C:/Program Files (x86)/Steam/steamapps/common/Skyrim Special Edition/SkyrimSE.exe+0EE6355	PDB signature mismatch
[23:05:50.978] [42976] [I] Attempting to load pdb for C:/Program Files (x86)/Steam/steamapps/common/Skyrim Special Edition/SkyrimSE.exe+0EE6355 (searchPath Data/SKSE/Plugins)
[23:05:50.980] [42976] [I] Failed to open pdb for dll C:/Program Files (x86)/Steam/steamapps/common/Skyrim Special Edition/SkyrimSE.exe+0EE6355	PDB signature mismatch
[23:05:50.981] [42976] [I] Attempting to load pdb for C:/Program Files (x86)/Steam/steamapps/common/Skyrim Special Edition/SkyrimSE.exe+0EE432D (searchPath Data/SKSE/Plugins)
[23:05:50.983] [42976] [I] Failed to open pdb for dll C:/Program Files (x86)/Steam/steamapps/common/Skyrim Special Edition/SkyrimSE.exe+0EE432D	PDB signature mismatch
[23:05:50.985] [42976] [I] Attempting to load pdb for C:/Program Files (x86)/Steam/steamapps/common/Skyrim Special Edition/SkyrimSE.exe+0EE432D (searchPath Data/SKSE/Plugins)
[23:05:50.986] [42976] [I] Failed to open pdb for dll C:/Program Files (x86)/Steam/steamapps/common/Skyrim Special Edition/SkyrimSE.exe+0EE432D	PDB signature mismatch
[23:05:50.988] [42976] [I] Attempting to load pdb for C:/Program Files (x86)/Steam/steamapps/common/Skyrim Special Edition/SkyrimSE.exe+0EE425B (searchPath Data/SKSE/Plugins)
[23:05:50.990] [42976] [I] Failed to open pdb for dll C:/Program Files (x86)/Steam/steamapps/common/Skyrim Special Edition/SkyrimSE.exe+0EE425B	PDB signature mismatch
[23:05:50.991] [42976] [I] Attempting to load pdb for C:/Program Files (x86)/Steam/steamapps/common/Skyrim Special Edition/SkyrimSE.exe+0EE425B (searchPath Data/SKSE/Plugins)
[23:05:50.993] [42976] [I] Failed to open pdb for dll C:/Program Files (x86)/Steam/steamapps/common/Skyrim Special Edition/SkyrimSE.exe+0EE425B	PDB signature mismatch
[23:05:50.995] [42976] [I] Attempting to load pdb for C:/Program Files (x86)/Steam/steamapps/common/Skyrim Special Edition/SkyrimSE.exe+0EDCAC2 (searchPath Data/SKSE/Plugins)
[23:05:50.997] [42976] [I] Failed to open pdb for dll C:/Program Files (x86)/Steam/steamapps/common/Skyrim Special Edition/SkyrimSE.exe+0EDCAC2	PDB signature mismatch
[23:05:50.999] [42976] [I] Attempting to load pdb for C:/Program Files (x86)/Steam/steamapps/common/Skyrim Special Edition/SkyrimSE.exe+0EDCAC2 (searchPath Data/SKSE/Plugins)
[23:05:51.001] [42976] [I] Failed to open pdb for dll C:/Program Files (x86)/Steam/steamapps/common/Skyrim Special Edition/SkyrimSE.exe+0EDCAC2	PDB signature mismatch
[23:05:51.003] [42976] [I] Attempting to load pdb for C:/Program Files (x86)/Steam/steamapps/common/Skyrim Special Edition/data/SKSE/Plugins/EnsrickEquipmentDisplay.dll+00514C1 (searchPath Data/SKSE/Plugins)
[23:05:51.009] [42976] [I] Successfully opened pdb for dll C:/Program Files (x86)/Steam/steamapps/common/Skyrim Special Edition/data/SKSE/Plugins/EnsrickEquipmentDisplay.dll+00514C1 from C:\Users\danjo\source\repos\skyrim-tools-source\EnsrickEquipmentDisplay\build\relwithdebinfo-se-only\EnsrickEquipmentDisplay.pdb
[23:05:51.015] [42976] [I] Symbol returning:  C:\Users\danjo\source\repos\skyrim-tools-source\EnsrickEquipmentDisplay\extern\CommonLibSSE-NG\src\RE\N\NiObject.cpp:43 void RE::NiObject::CreateDeepCopy(RE::NiPointer<RE::NiObject> &) [?CreateDeepCopy@NiObject@RE@@QEAAXAEAV?$NiPointer@VNiObject@RE@@@2@@Z] C:\Users\danjo\source\repos\skyrim-tools-source\EnsrickEquipmentDisplay\extern\CommonLibSSE-NG\src\RE\B\BSVisit.cpp:102 void RE::NiObject::CreateDeepCopy(RE::NiPointer<RE::NiObject> &) [?CreateDeepCopy@NiObject@RE@@QEAAXAEAV?$NiPointer@VNiObject@RE@@@2@@Z]
[23:05:51.015] [42976] [I] Public symbol found for C:/Program Files (x86)/Steam/steamapps/common/Skyrim Special Edition/data/SKSE/Plugins/EnsrickEquipmentDisplay.dll+00514C1:  C:\Users\danjo\source\repos\skyrim-tools-source\EnsrickEquipmentDisplay\extern\CommonLibSSE-NG\src\RE\N\NiObject.cpp:43 void RE::NiObject::CreateDeepCopy(RE::NiPointer<RE::NiObject> &) [?CreateDeepCopy@NiObject@RE@@QEAAXAEAV?$NiPointer@VNiObject@RE@@@2@@Z] C:\Users\danjo\source\repos\skyrim-tools-source\EnsrickEquipmentDisplay\extern\CommonLibSSE-NG\src\RE\B\BSVisit.cpp:102 void RE::NiObject::CreateDeepCopy(RE::NiPointer<RE::NiObject> &) [?CreateDeepCopy@NiObject@RE@@QEAAXAEAV?$NiPointer@VNiObject@RE@@@2@@Z]
[23:05:51.017] [42976] [I] Attempting to load pdb for C:/Program Files (x86)/Steam/steamapps/common/Skyrim Special Edition/data/SKSE/Plugins/EnsrickEquipmentDisplay.dll+00514C1 (searchPath Data/SKSE/Plugins)
[23:05:51.023] [42976] [I] Successfully opened pdb for dll C:/Program Files (x86)/Steam/steamapps/common/Skyrim Special Edition/data/SKSE/Plugins/EnsrickEquipmentDisplay.dll+00514C1 from C:\Users\danjo\source\repos\skyrim-tools-source\EnsrickEquipmentDisplay\build\relwithdebinfo-se-only\EnsrickEquipmentDisplay.pdb
[23:05:51.061] [42976] [I] Attempting to load pdb for C:/Program Files (x86)/Steam/steamapps/common/Skyrim Special Edition/data/SKSE/Plugins/EnsrickEquipmentDisplay.dll+0001094 (searchPath Data/SKSE/Plugins)
[23:05:51.066] [42976] [I] Successfully opened pdb for dll C:/Program Files (x86)/Steam/steamapps/common/Skyrim Special Edition/data/SKSE/Plugins/EnsrickEquipmentDisplay.dll+0001094 from C:\Users\danjo\source\repos\skyrim-tools-source\EnsrickEquipmentDisplay\build\relwithdebinfo-se-only\EnsrickEquipmentDisplay.pdb
[23:05:51.070] [42976] [I] No public symbol found for C:/Program Files (x86)/Steam/steamapps/common/Skyrim Special Edition/data/SKSE/Plugins/EnsrickEquipmentDisplay.dll+0001094
[23:05:51.072] [42976] [I] Attempting to load pdb for C:/Program Files (x86)/Steam/steamapps/common/Skyrim Special Edition/data/SKSE/Plugins/EnsrickEquipmentDisplay.dll+0001094 (searchPath Data/SKSE/Plugins)
[23:05:51.077] [42976] [I] Successfully opened pdb for dll C:/Program Files (x86)/Steam/steamapps/common/Skyrim Special Edition/data/SKSE/Plugins/EnsrickEquipmentDisplay.dll+0001094 from C:\Users\danjo\source\repos\skyrim-tools-source\EnsrickEquipmentDisplay\build\relwithdebinfo-se-only\EnsrickEquipmentDisplay.pdb
[23:05:51.104] [42976] [I] Attempting to load pdb for C:/Program Files (x86)/Steam/steamapps/common/Skyrim Special Edition/data/SKSE/Plugins/EnsrickEquipmentDisplay.dll+000193C (searchPath Data/SKSE/Plugins)
[23:05:51.108] [42976] [I] Successfully opened pdb for dll C:/Program Files (x86)/Steam/steamapps/common/Skyrim Special Edition/data/SKSE/Plugins/EnsrickEquipmentDisplay.dll+000193C from C:\Users\danjo\source\repos\skyrim-tools-source\EnsrickEquipmentDisplay\build\relwithdebinfo-se-only\EnsrickEquipmentDisplay.pdb
[23:05:51.114] [42976] [I] Symbol returning:  C:\Users\danjo\source\repos\skyrim-tools-source\EnsrickEquipmentDisplay\src\Display\Attach.cpp:159 RE::NiPointer<RE::NiAVObject> EED::Attach::BuildDisplay(RE::Actor *,RE::TESObjectWEAP *) [?BuildDisplay@Attach@EED@@YA?AV?$NiPointer@VNiAVObject@RE@@@RE@@PEAVActor@4@PEAVTESObjectWEAP@4@@Z]
[23:05:51.114] [42976] [I] Public symbol found for C:/Program Files (x86)/Steam/steamapps/common/Skyrim Special Edition/data/SKSE/Plugins/EnsrickEquipmentDisplay.dll+000193C:  C:\Users\danjo\source\repos\skyrim-tools-source\EnsrickEquipmentDisplay\src\Display\Attach.cpp:159 RE::NiPointer<RE::NiAVObject> EED::Attach::BuildDisplay(RE::Actor *,RE::TESObjectWEAP *) [?BuildDisplay@Attach@EED@@YA?AV?$NiPointer@VNiAVObject@RE@@@RE@@PEAVActor@4@PEAVTESObjectWEAP@4@@Z]
[23:05:51.116] [42976] [I] Attempting to load pdb for C:/Program Files (x86)/Steam/steamapps/common/Skyrim Special Edition/data/SKSE/Plugins/EnsrickEquipmentDisplay.dll+000193C (searchPath Data/SKSE/Plugins)
[23:05:51.121] [42976] [I] Successfully opened pdb for dll C:/Program Files (x86)/Steam/steamapps/common/Skyrim Special Edition/data/SKSE/Plugins/EnsrickEquipmentDisplay.dll+000193C from C:\Users\danjo\source\repos\skyrim-tools-source\EnsrickEquipmentDisplay\build\relwithdebinfo-se-only\EnsrickEquipmentDisplay.pdb
[23:05:51.148] [42976] [I] Attempting to load pdb for C:/Program Files (x86)/Steam/steamapps/common/Skyrim Special Edition/data/SKSE/Plugins/EnsrickEquipmentDisplay.dll+001F511 (searchPath Data/SKSE/Plugins)
[23:05:51.153] [42976] [I] Successfully opened pdb for dll C:/Program Files (x86)/Steam/steamapps/common/Skyrim Special Edition/data/SKSE/Plugins/EnsrickEquipmentDisplay.dll+001F511 from C:\Users\danjo\source\repos\skyrim-tools-source\EnsrickEquipmentDisplay\build\relwithdebinfo-se-only\EnsrickEquipmentDisplay.pdb
[23:05:51.158] [42976] [I] Symbol returning:  C:\Users\danjo\source\repos\skyrim-tools-source\EnsrickEquipmentDisplay\src\Display\DisplayManager.cpp:342 void EED::DisplayManager::Apply(RE::Actor *,RE::NiAVObject *,EED::DisplayManager::ActorState &,std::span<EED::DisplayRequest const ,-1>) [?Apply@DisplayManager@EED@@AEAAXPEAVActor@RE@@PEAVNiAVObject@4@AEAUActorState@12@V?$span@$$CBUDisplayRequest@EED@@$0?0@std@@@Z]
[23:05:51.158] [42976] [I] Public symbol found for C:/Program Files (x86)/Steam/steamapps/common/Skyrim Special Edition/data/SKSE/Plugins/EnsrickEquipmentDisplay.dll+001F511:  C:\Users\danjo\source\repos\skyrim-tools-source\EnsrickEquipmentDisplay\src\Display\DisplayManager.cpp:342 void EED::DisplayManager::Apply(RE::Actor *,RE::NiAVObject *,EED::DisplayManager::ActorState &,std::span<EED::DisplayRequest const ,-1>) [?Apply@DisplayManager@EED@@AEAAXPEAVActor@RE@@PEAVNiAVObject@4@AEAUActorState@12@V?$span@$$CBUDisplayRequest@EED@@$0?0@std@@@Z]
[23:05:51.159] [42976] [I] Attempting to load pdb for C:/Program Files (x86)/Steam/steamapps/common/Skyrim Special Edition/data/SKSE/Plugins/EnsrickEquipmentDisplay.dll+001F511 (searchPath Data/SKSE/Plugins)
[23:05:51.165] [42976] [I] Successfully opened pdb for dll C:/Program Files (x86)/Steam/steamapps/common/Skyrim Special Edition/data/SKSE/Plugins/EnsrickEquipmentDisplay.dll+001F511 from C:\Users\danjo\source\repos\skyrim-tools-source\EnsrickEquipmentDisplay\build\relwithdebinfo-se-only\EnsrickEquipmentDisplay.pdb
[23:05:51.190] [42976] [I] Attempting to load pdb for C:/Program Files (x86)/Steam/steamapps/common/Skyrim Special Edition/data/SKSE/Plugins/EnsrickEquipmentDisplay.dll+001EAE6 (searchPath Data/SKSE/Plugins)
[23:05:51.194] [42976] [I] Successfully opened pdb for dll C:/Program Files (x86)/Steam/steamapps/common/Skyrim Special Edition/data/SKSE/Plugins/EnsrickEquipmentDisplay.dll+001EAE6 from C:\Users\danjo\source\repos\skyrim-tools-source\EnsrickEquipmentDisplay\build\relwithdebinfo-se-only\EnsrickEquipmentDisplay.pdb
[23:05:51.200] [42976] [I] Symbol returning:  C:\Users\danjo\source\repos\skyrim-tools-source\EnsrickEquipmentDisplay\src\Display\DisplayManager.cpp:274 void EED::DisplayManager::Refresh(RE::Actor *) [?Refresh@DisplayManager@EED@@QEAAXPEAVActor@RE@@@Z]
[23:05:51.200] [42976] [I] Public symbol found for C:/Program Files (x86)/Steam/steamapps/common/Skyrim Special Edition/data/SKSE/Plugins/EnsrickEquipmentDisplay.dll+001EAE6:  C:\Users\danjo\source\repos\skyrim-tools-source\EnsrickEquipmentDisplay\src\Display\DisplayManager.cpp:274 void EED::DisplayManager::Refresh(RE::Actor *) [?Refresh@DisplayManager@EED@@QEAAXPEAVActor@RE@@@Z]
[23:05:51.202] [42976] [I] Attempting to load pdb for C:/Program Files (x86)/Steam/steamapps/common/Skyrim Special Edition/data/SKSE/Plugins/EnsrickEquipmentDisplay.dll+001EAE6 (searchPath Data/SKSE/Plugins)
[23:05:51.207] [42976] [I] Successfully opened pdb for dll C:/Program Files (x86)/Steam/steamapps/common/Skyrim Special Edition/data/SKSE/Plugins/EnsrickEquipmentDisplay.dll+001EAE6 from C:\Users\danjo\source\repos\skyrim-tools-source\EnsrickEquipmentDisplay\build\relwithdebinfo-se-only\EnsrickEquipmentDisplay.pdb
[23:05:51.225] [42976] [I] Attempting to load pdb for C:/Program Files (x86)/Steam/steamapps/common/Skyrim Special Edition/data/SKSE/Plugins/EnsrickEquipmentDisplay.dll+001DC54 (searchPath Data/SKSE/Plugins)
[23:05:51.229] [42976] [I] Successfully opened pdb for dll C:/Program Files (x86)/Steam/steamapps/common/Skyrim Special Edition/data/SKSE/Plugins/EnsrickEquipmentDisplay.dll+001DC54 from C:\Users\danjo\source\repos\skyrim-tools-source\EnsrickEquipmentDisplay\build\relwithdebinfo-se-only\EnsrickEquipmentDisplay.pdb
[23:05:51.234] [42976] [I] Symbol returning:  C:\Users\danjo\source\repos\skyrim-tools-source\EnsrickEquipmentDisplay\src\Display\DisplayManager.cpp:168 void EED::DisplayManager::RunScheduled(RE::BSPointerHandle<RE::Actor,RE::BSUntypedPointerHandle<21,5> >,EED::DisplayManager::Reason) [?RunScheduled@DisplayManager@EED@@AEAAXV?$BSPointerHandle@VActor@RE@@V?$BSUntypedPointerHandle@$0BF@$04@2@@RE@@W4Reason@12@@Z]
[23:05:51.234] [42976] [I] Public symbol found for C:/Program Files (x86)/Steam/steamapps/common/Skyrim Special Edition/data/SKSE/Plugins/EnsrickEquipmentDisplay.dll+001DC54:  C:\Users\danjo\source\repos\skyrim-tools-source\EnsrickEquipmentDisplay\src\Display\DisplayManager.cpp:168 void EED::DisplayManager::RunScheduled(RE::BSPointerHandle<RE::Actor,RE::BSUntypedPointerHandle<21,5> >,EED::DisplayManager::Reason) [?RunScheduled@DisplayManager@EED@@AEAAXV?$BSPointerHandle@VActor@RE@@V?$BSUntypedPointerHandle@$0BF@$04@2@@RE@@W4Reason@12@@Z]
[23:05:51.236] [42976] [I] Attempting to load pdb for C:/Program Files (x86)/Steam/steamapps/common/Skyrim Special Edition/data/SKSE/Plugins/EnsrickEquipmentDisplay.dll+001DC54 (searchPath Data/SKSE/Plugins)
[23:05:51.241] [42976] [I] Successfully opened pdb for dll C:/Program Files (x86)/Steam/steamapps/common/Skyrim Special Edition/data/SKSE/Plugins/EnsrickEquipmentDisplay.dll+001DC54 from C:\Users\danjo\source\repos\skyrim-tools-source\EnsrickEquipmentDisplay\build\relwithdebinfo-se-only\EnsrickEquipmentDisplay.pdb
[23:05:51.258] [42976] [I] Attempting to load pdb for C:/Program Files (x86)/Steam/steamapps/common/Skyrim Special Edition/data/SKSE/Plugins/EnsrickEquipmentDisplay.dll+001DA26 (searchPath Data/SKSE/Plugins)
[23:05:51.263] [42976] [I] Successfully opened pdb for dll C:/Program Files (x86)/Steam/steamapps/common/Skyrim Special Edition/data/SKSE/Plugins/EnsrickEquipmentDisplay.dll+001DA26 from C:\Users\danjo\source\repos\skyrim-tools-source\EnsrickEquipmentDisplay\build\relwithdebinfo-se-only\EnsrickEquipmentDisplay.pdb
[23:05:51.269] [42976] [I] Symbol returning:  C:\Users\danjo\source\repos\skyrim-tools-source\EnsrickEquipmentDisplay\src\Display\DisplayManager.cpp:129 void EED::DisplayManager::Schedule(RE::Actor *,EED::DisplayManager::Reason) [?Schedule@DisplayManager@EED@@AEAAXPEAVActor@RE@@W4Reason@12@@Z]
[23:05:51.269] [42976] [I] Public symbol found for C:/Program Files (x86)/Steam/steamapps/common/Skyrim Special Edition/data/SKSE/Plugins/EnsrickEquipmentDisplay.dll+001DA26:  C:\Users\danjo\source\repos\skyrim-tools-source\EnsrickEquipmentDisplay\src\Display\DisplayManager.cpp:129 void EED::DisplayManager::Schedule(RE::Actor *,EED::DisplayManager::Reason) [?Schedule@DisplayManager@EED@@AEAAXPEAVActor@RE@@W4Reason@12@@Z]
[23:05:51.271] [42976] [I] Attempting to load pdb for C:/Program Files (x86)/Steam/steamapps/common/Skyrim Special Edition/data/SKSE/Plugins/EnsrickEquipmentDisplay.dll+001DA26 (searchPath Data/SKSE/Plugins)
[23:05:51.276] [42976] [I] Successfully opened pdb for dll C:/Program Files (x86)/Steam/steamapps/common/Skyrim Special Edition/data/SKSE/Plugins/EnsrickEquipmentDisplay.dll+001DA26 from C:\Users\danjo\source\repos\skyrim-tools-source\EnsrickEquipmentDisplay\build\relwithdebinfo-se-only\EnsrickEquipmentDisplay.pdb
[23:05:51.297] [42976] [I] Attempting to load pdb for C:/Program Files (x86)/Steam/steamapps/common/Skyrim Special Edition/skse64_1_7_104.dll+001D76F (searchPath Data/SKSE/Plugins)
[23:05:51.307] [42976] [I] Successfully opened pdb for dll C:/Program Files (x86)/Steam/steamapps/common/Skyrim Special Edition/skse64_1_7_104.dll+001D76F from C:\Program Files (x86)\Steam\steamapps\common\Skyrim Special Edition\skse64_1_7_104.pdb
[23:05:51.320] [42976] [I] Symbol returning:  C:\Users\danjo\source\repos\skyrim-tools-source\skse64-1.7.104-headless\skse64\Hooks_Threads.cpp:31 void BSTaskPool::ProcessTasks(void) [?ProcessTasks@BSTaskPool@@QEAAXXZ]
[23:05:51.320] [42976] [I] Public symbol found for C:/Program Files (x86)/Steam/steamapps/common/Skyrim Special Edition/skse64_1_7_104.dll+001D76F:  C:\Users\danjo\source\repos\skyrim-tools-source\skse64-1.7.104-headless\skse64\Hooks_Threads.cpp:31 void BSTaskPool::ProcessTasks(void) [?ProcessTasks@BSTaskPool@@QEAAXXZ]
[23:05:51.322] [42976] [I] Attempting to load pdb for C:/Program Files (x86)/Steam/steamapps/common/Skyrim Special Edition/skse64_1_7_104.dll+001D76F (searchPath Data/SKSE/Plugins)
[23:05:51.329] [42976] [I] Successfully opened pdb for dll C:/Program Files (x86)/Steam/steamapps/common/Skyrim Special Edition/skse64_1_7_104.dll+001D76F from C:\Program Files (x86)\Steam\steamapps\common\Skyrim Special Edition\skse64_1_7_104.pdb
[23:05:51.375] [42976] [I] Attempting to load pdb for C:/Program Files (x86)/Steam/steamapps/common/Skyrim Special Edition/SkyrimSE.exe+065A3E1 (searchPath Data/SKSE/Plugins)
[23:05:51.376] [42976] [I] Failed to open pdb for dll C:/Program Files (x86)/Steam/steamapps/common/Skyrim Special Edition/SkyrimSE.exe+065A3E1	PDB signature mismatch
[23:05:51.377] [42976] [I] Attempting to load pdb for C:/Program Files (x86)/Steam/steamapps/common/Skyrim Special Edition/SkyrimSE.exe+065A3E1 (searchPath Data/SKSE/Plugins)
[23:05:51.379] [42976] [I] Failed to open pdb for dll C:/Program Files (x86)/Steam/steamapps/common/Skyrim Special Edition/SkyrimSE.exe+065A3E1	PDB signature mismatch
[23:05:51.381] [42976] [I] Attempting to load pdb for C:/Program Files (x86)/Steam/steamapps/common/Skyrim Special Edition/SkyrimSE.exe+06E610F (searchPath Data/SKSE/Plugins)
[23:05:51.383] [42976] [I] Failed to open pdb for dll C:/Program Files (x86)/Steam/steamapps/common/Skyrim Special Edition/SkyrimSE.exe+06E610F	PDB signature mismatch
[23:05:51.384] [42976] [I] Attempting to load pdb for C:/Program Files (x86)/Steam/steamapps/common/Skyrim Special Edition/SkyrimSE.exe+06E610F (searchPath Data/SKSE/Plugins)
[23:05:51.385] [42976] [I] Failed to open pdb for dll C:/Program Files (x86)/Steam/steamapps/common/Skyrim Special Edition/SkyrimSE.exe+06E610F	PDB signature mismatch
[23:05:51.387] [42976] [I] Attempting to load pdb for C:/Program Files (x86)/Steam/steamapps/common/Skyrim Special Edition/SkyrimSE.exe+0EBC248 (searchPath Data/SKSE/Plugins)
[23:05:51.388] [42976] [I] Failed to open pdb for dll C:/Program Files (x86)/Steam/steamapps/common/Skyrim Special Edition/SkyrimSE.exe+0EBC248	PDB signature mismatch
[23:05:51.389] [42976] [I] Attempting to load pdb for C:/Program Files (x86)/Steam/steamapps/common/Skyrim Special Edition/SkyrimSE.exe+0EBC248 (searchPath Data/SKSE/Plugins)
[23:05:51.391] [42976] [I] Failed to open pdb for dll C:/Program Files (x86)/Steam/steamapps/common/Skyrim Special Edition/SkyrimSE.exe+0EBC248	PDB signature mismatch
[23:05:51.392] [42976] [I] Attempting to load pdb for C:/Program Files (x86)/Steam/steamapps/common/Skyrim Special Edition/SkyrimSE.exe+0EBC811 (searchPath Data/SKSE/Plugins)
[23:05:51.393] [42976] [I] Failed to open pdb for dll C:/Program Files (x86)/Steam/steamapps/common/Skyrim Special Edition/SkyrimSE.exe+0EBC811	PDB signature mismatch
[23:05:51.395] [42976] [I] Attempting to load pdb for C:/Program Files (x86)/Steam/steamapps/common/Skyrim Special Edition/SkyrimSE.exe+0EBC811 (searchPath Data/SKSE/Plugins)
[23:05:51.396] [42976] [I] Failed to open pdb for dll C:/Program Files (x86)/Steam/steamapps/common/Skyrim Special Edition/SkyrimSE.exe+0EBC811	PDB signature mismatch
[23:05:51.397] [42976] [I] Attempting to load pdb for C:/Program Files (x86)/Steam/steamapps/common/Skyrim Special Edition/SkyrimSE.exe+0EBAB9A (searchPath Data/SKSE/Plugins)
[23:05:51.399] [42976] [I] Failed to open pdb for dll C:/Program Files (x86)/Steam/steamapps/common/Skyrim Special Edition/SkyrimSE.exe+0EBAB9A	PDB signature mismatch
[23:05:51.400] [42976] [I] Attempting to load pdb for C:/Program Files (x86)/Steam/steamapps/common/Skyrim Special Edition/SkyrimSE.exe+0EBAB9A (searchPath Data/SKSE/Plugins)
[23:05:51.401] [42976] [I] Failed to open pdb for dll C:/Program Files (x86)/Steam/steamapps/common/Skyrim Special Edition/SkyrimSE.exe+0EBAB9A	PDB signature mismatch
[23:05:51.402] [42976] [I] Attempting to load pdb for C:/Program Files (x86)/Steam/steamapps/common/Skyrim Special Edition/SkyrimSE.exe+0CEB1DD (searchPath Data/SKSE/Plugins)
[23:05:51.404] [42976] [I] Failed to open pdb for dll C:/Program Files (x86)/Steam/steamapps/common/Skyrim Special Edition/SkyrimSE.exe+0CEB1DD	PDB signature mismatch
[23:05:51.405] [42976] [I] Attempting to load pdb for C:/Program Files (x86)/Steam/steamapps/common/Skyrim Special Edition/SkyrimSE.exe+0CEB1DD (searchPath Data/SKSE/Plugins)
[23:05:51.406] [42976] [I] Failed to open pdb for dll C:/Program Files (x86)/Steam/steamapps/common/Skyrim Special Edition/SkyrimSE.exe+0CEB1DD	PDB signature mismatch
[23:05:51.407] [42976] [I] Attempting to load pdb for C:/WINDOWS/System32/KERNEL32.DLL+002CD87 (searchPath Data/SKSE/Plugins)
[23:05:51.409] [42976] [I] Failed to open pdb for dll C:/WINDOWS/System32/KERNEL32.DLL+002CD87	PDB signature mismatch
[23:05:51.410] [42976] [I] Attempting to load pdb for C:/WINDOWS/System32/KERNEL32.DLL+002CD87 (searchPath Data/SKSE/Plugins)
[23:05:51.411] [42976] [I] Failed to open pdb for dll C:/WINDOWS/System32/KERNEL32.DLL+002CD87	PDB signature mismatch
[23:05:51.413] [42976] [I] Attempting to load pdb for C:/WINDOWS/SYSTEM32/ntdll.dll+00ACAEC (searchPath Data/SKSE/Plugins)
[23:05:51.414] [42976] [I] Failed to open pdb for dll C:/WINDOWS/SYSTEM32/ntdll.dll+00ACAEC	PDB signature mismatch
[23:05:51.415] [42976] [I] Attempting to load pdb for C:/WINDOWS/SYSTEM32/ntdll.dll+00ACAEC (searchPath Data/SKSE/Plugins)
[23:05:51.416] [42976] [I] Failed to open pdb for dll C:/WINDOWS/SYSTEM32/ntdll.dll+00ACAEC	PDB signature mismatch
[23:05:51.659] [42976] [I] Attempting to load pdb for C:/WINDOWS/SYSTEM32/VCRUNTIME140.dll+001DE2C (searchPath Data/SKSE/Plugins)
[23:05:51.661] [42976] [I] Failed to open pdb for dll C:/WINDOWS/SYSTEM32/VCRUNTIME140.dll+001DE2C	PDB signature mismatch
[23:05:51.663] [42976] [I] Attempting to load pdb for C:/WINDOWS/SYSTEM32/VCRUNTIME140.dll+001DE2C (searchPath Data/SKSE/Plugins)
[23:05:51.665] [42976] [I] Failed to open pdb for dll C:/WINDOWS/SYSTEM32/VCRUNTIME140.dll+001DE2C	PDB signature mismatch
[23:05:51.666] [42976] [I] Attempting to load pdb for C:/Program Files (x86)/Steam/steamapps/common/Skyrim Special Edition/SkyrimSE.exe+010C22E (searchPath Data/SKSE/Plugins)
[23:05:51.667] [42976] [I] Failed to open pdb for dll C:/Program Files (x86)/Steam/steamapps/common/Skyrim Special Edition/SkyrimSE.exe+010C22E	PDB signature mismatch
[23:05:51.668] [42976] [I] Attempting to load pdb for C:/Program Files (x86)/Steam/steamapps/common/Skyrim Special Edition/SkyrimSE.exe+010C22E (searchPath Data/SKSE/Plugins)
[23:05:51.669] [42976] [I] Failed to open pdb for dll C:/Program Files (x86)/Steam/steamapps/common/Skyrim Special Edition/SkyrimSE.exe+010C22E	PDB signature mismatch
[23:05:51.671] [42976] [I] Attempting to load pdb for C:/Program Files (x86)/Steam/steamapps/common/Skyrim Special Edition/SkyrimSE.exe+0CE1185 (searchPath Data/SKSE/Plugins)
[23:05:51.672] [42976] [I] Failed to open pdb for dll C:/Program Files (x86)/Steam/steamapps/common/Skyrim Special Edition/SkyrimSE.exe+0CE1185	PDB signature mismatch
[23:05:51.673] [42976] [I] Attempting to load pdb for C:/Program Files (x86)/Steam/steamapps/common/Skyrim Special Edition/SkyrimSE.exe+0CE1185 (searchPath Data/SKSE/Plugins)
[23:05:51.675] [42976] [I] Failed to open pdb for dll C:/Program Files (x86)/Steam/steamapps/common/Skyrim Special Edition/SkyrimSE.exe+0CE1185	PDB signature mismatch
[23:05:51.677] [42976] [I] Attempting to load pdb for C:/Program Files (x86)/Steam/steamapps/common/Skyrim Special Edition/SkyrimSE.exe+0CE0A85 (searchPath Data/SKSE/Plugins)
[23:05:51.678] [42976] [I] Failed to open pdb for dll C:/Program Files (x86)/Steam/steamapps/common/Skyrim Special Edition/SkyrimSE.exe+0CE0A85	PDB signature mismatch
[23:05:51.680] [42976] [I] Attempting to load pdb for C:/Program Files (x86)/Steam/steamapps/common/Skyrim Special Edition/SkyrimSE.exe+0CE0A85 (searchPath Data/SKSE/Plugins)
[23:05:51.682] [42976] [I] Failed to open pdb for dll C:/Program Files (x86)/Steam/steamapps/common/Skyrim Special Edition/SkyrimSE.exe+0CE0A85	PDB signature mismatch
[23:05:51.684] [42976] [I] Attempting to load pdb for C:/Program Files (x86)/Steam/steamapps/common/Skyrim Special Edition/SkyrimSE.exe+0EE52C3 (searchPath Data/SKSE/Plugins)
[23:05:51.686] [42976] [I] Failed to open pdb for dll C:/Program Files (x86)/Steam/steamapps/common/Skyrim Special Edition/SkyrimSE.exe+0EE52C3	PDB signature mismatch
[23:05:51.687] [42976] [I] Attempting to load pdb for C:/Program Files (x86)/Steam/steamapps/common/Skyrim Special Edition/SkyrimSE.exe+0EE52C3 (searchPath Data/SKSE/Plugins)
[23:05:51.689] [42976] [I] Failed to open pdb for dll C:/Program Files (x86)/Steam/steamapps/common/Skyrim Special Edition/SkyrimSE.exe+0EE52C3	PDB signature mismatch
[23:05:51.691] [42976] [I] Attempting to load pdb for C:/Program Files (x86)/Steam/steamapps/common/Skyrim Special Edition/SkyrimSE.exe+10569B4 (searchPath Data/SKSE/Plugins)
[23:05:51.692] [42976] [I] Failed to open pdb for dll C:/Program Files (x86)/Steam/steamapps/common/Skyrim Special Edition/SkyrimSE.exe+10569B4	PDB signature mismatch
[23:05:51.693] [42976] [I] Attempting to load pdb for C:/Program Files (x86)/Steam/steamapps/common/Skyrim Special Edition/SkyrimSE.exe+10569B4 (searchPath Data/SKSE/Plugins)
[23:05:51.695] [42976] [I] Failed to open pdb for dll C:/Program Files (x86)/Steam/steamapps/common/Skyrim Special Edition/SkyrimSE.exe+10569B4	PDB signature mismatch
[23:05:51.697] [42976] [I] Attempting to load pdb for C:/Program Files (x86)/Steam/steamapps/common/Skyrim Special Edition/SkyrimSE.exe+0EE6355 (searchPath Data/SKSE/Plugins)
[23:05:51.698] [42976] [I] Failed to open pdb for dll C:/Program Files (x86)/Steam/steamapps/common/Skyrim Special Edition/SkyrimSE.exe+0EE6355	PDB signature mismatch
[23:05:51.700] [42976] [I] Attempting to load pdb for C:/Program Files (x86)/Steam/steamapps/common/Skyrim Special Edition/SkyrimSE.exe+0EE6355 (searchPath Data/SKSE/Plugins)
[23:05:51.702] [42976] [I] Failed to open pdb for dll C:/Program Files (x86)/Steam/steamapps/common/Skyrim Special Edition/SkyrimSE.exe+0EE6355	PDB signature mismatch
[23:05:51.703] [42976] [I] Attempting to load pdb for C:/Program Files (x86)/Steam/steamapps/common/Skyrim Special Edition/SkyrimSE.exe+0EE432D (searchPath Data/SKSE/Plugins)
[23:05:51.705] [42976] [I] Failed to open pdb for dll C:/Program Files (x86)/Steam/steamapps/common/Skyrim Special Edition/SkyrimSE.exe+0EE432D	PDB signature mismatch
[23:05:51.707] [42976] [I] Attempting to load pdb for C:/Program Files (x86)/Steam/steamapps/common/Skyrim Special Edition/SkyrimSE.exe+0EE432D (searchPath Data/SKSE/Plugins)
[23:05:51.709] [42976] [I] Failed to open pdb for dll C:/Program Files (x86)/Steam/steamapps/common/Skyrim Special Edition/SkyrimSE.exe+0EE432D	PDB signature mismatch
[23:05:51.710] [42976] [I] Attempting to load pdb for C:/Program Files (x86)/Steam/steamapps/common/Skyrim Special Edition/SkyrimSE.exe+0EE425B (searchPath Data/SKSE/Plugins)
[23:05:51.712] [42976] [I] Failed to open pdb for dll C:/Program Files (x86)/Steam/steamapps/common/Skyrim Special Edition/SkyrimSE.exe+0EE425B	PDB signature mismatch
[23:05:51.714] [42976] [I] Attempting to load pdb for C:/Program Files (x86)/Steam/steamapps/common/Skyrim Special Edition/SkyrimSE.exe+0EE425B (searchPath Data/SKSE/Plugins)
[23:05:51.716] [42976] [I] Failed to open pdb for dll C:/Program Files (x86)/Steam/steamapps/common/Skyrim Special Edition/SkyrimSE.exe+0EE425B	PDB signature mismatch
[23:05:51.717] [42976] [I] Attempting to load pdb for C:/Program Files (x86)/Steam/steamapps/common/Skyrim Special Edition/SkyrimSE.exe+0EDCAC2 (searchPath Data/SKSE/Plugins)
[23:05:51.719] [42976] [I] Failed to open pdb for dll C:/Program Files (x86)/Steam/steamapps/common/Skyrim Special Edition/SkyrimSE.exe+0EDCAC2	PDB signature mismatch
[23:05:51.721] [42976] [I] Attempting to load pdb for C:/Program Files (x86)/Steam/steamapps/common/Skyrim Special Edition/SkyrimSE.exe+0EDCAC2 (searchPath Data/SKSE/Plugins)
[23:05:51.723] [42976] [I] Failed to open pdb for dll C:/Program Files (x86)/Steam/steamapps/common/Skyrim Special Edition/SkyrimSE.exe+0EDCAC2	PDB signature mismatch
[23:05:51.724] [42976] [I] Attempting to load pdb for C:/Program Files (x86)/Steam/steamapps/common/Skyrim Special Edition/data/SKSE/Plugins/EnsrickEquipmentDisplay.dll+00514C1 (searchPath Data/SKSE/Plugins)
[23:05:51.730] [42976] [I] Successfully opened pdb for dll C:/Program Files (x86)/Steam/steamapps/common/Skyrim Special Edition/data/SKSE/Plugins/EnsrickEquipmentDisplay.dll+00514C1 from C:\Users\danjo\source\repos\skyrim-tools-source\EnsrickEquipmentDisplay\build\relwithdebinfo-se-only\EnsrickEquipmentDisplay.pdb
[23:05:51.735] [42976] [I] Symbol returning:  C:\Users\danjo\source\repos\skyrim-tools-source\EnsrickEquipmentDisplay\extern\CommonLibSSE-NG\src\RE\N\NiObject.cpp:43 void RE::NiObject::CreateDeepCopy(RE::NiPointer<RE::NiObject> &) [?CreateDeepCopy@NiObject@RE@@QEAAXAEAV?$NiPointer@VNiObject@RE@@@2@@Z] C:\Users\danjo\source\repos\skyrim-tools-source\EnsrickEquipmentDisplay\extern\CommonLibSSE-NG\src\RE\B\BSVisit.cpp:102 void RE::NiObject::CreateDeepCopy(RE::NiPointer<RE::NiObject> &) [?CreateDeepCopy@NiObject@RE@@QEAAXAEAV?$NiPointer@VNiObject@RE@@@2@@Z]
[23:05:51.735] [42976] [I] Public symbol found for C:/Program Files (x86)/Steam/steamapps/common/Skyrim Special Edition/data/SKSE/Plugins/EnsrickEquipmentDisplay.dll+00514C1:  C:\Users\danjo\source\repos\skyrim-tools-source\EnsrickEquipmentDisplay\extern\CommonLibSSE-NG\src\RE\N\NiObject.cpp:43 void RE::NiObject::CreateDeepCopy(RE::NiPointer<RE::NiObject> &) [?CreateDeepCopy@NiObject@RE@@QEAAXAEAV?$NiPointer@VNiObject@RE@@@2@@Z] C:\Users\danjo\source\repos\skyrim-tools-source\EnsrickEquipmentDisplay\extern\CommonLibSSE-NG\src\RE\B\BSVisit.cpp:102 void RE::NiObject::CreateDeepCopy(RE::NiPointer<RE::NiObject> &) [?CreateDeepCopy@NiObject@RE@@QEAAXAEAV?$NiPointer@VNiObject@RE@@@2@@Z]
[23:05:51.737] [42976] [I] Attempting to load pdb for C:/Program Files (x86)/Steam/steamapps/common/Skyrim Special Edition/data/SKSE/Plugins/EnsrickEquipmentDisplay.dll+00514C1 (searchPath Data/SKSE/Plugins)
[23:05:51.742] [42976] [I] Successfully opened pdb for dll C:/Program Files (x86)/Steam/steamapps/common/Skyrim Special Edition/data/SKSE/Plugins/EnsrickEquipmentDisplay.dll+00514C1 from C:\Users\danjo\source\repos\skyrim-tools-source\EnsrickEquipmentDisplay\build\relwithdebinfo-se-only\EnsrickEquipmentDisplay.pdb
[23:05:51.757] [42976] [I] Attempting to load pdb for C:/Program Files (x86)/Steam/steamapps/common/Skyrim Special Edition/data/SKSE/Plugins/EnsrickEquipmentDisplay.dll+0001094 (searchPath Data/SKSE/Plugins)
[23:05:51.760] [42976] [I] Successfully opened pdb for dll C:/Program Files (x86)/Steam/steamapps/common/Skyrim Special Edition/data/SKSE/Plugins/EnsrickEquipmentDisplay.dll+0001094 from C:\Users\danjo\source\repos\skyrim-tools-source\EnsrickEquipmentDisplay\build\relwithdebinfo-se-only\EnsrickEquipmentDisplay.pdb
[23:05:51.764] [42976] [I] No public symbol found for C:/Program Files (x86)/Steam/steamapps/common/Skyrim Special Edition/data/SKSE/Plugins/EnsrickEquipmentDisplay.dll+0001094
[23:05:51.766] [42976] [I] Attempting to load pdb for C:/Program Files (x86)/Steam/steamapps/common/Skyrim Special Edition/data/SKSE/Plugins/EnsrickEquipmentDisplay.dll+0001094 (searchPath Data/SKSE/Plugins)
[23:05:51.770] [42976] [I] Successfully opened pdb for dll C:/Program Files (x86)/Steam/steamapps/common/Skyrim Special Edition/data/SKSE/Plugins/EnsrickEquipmentDisplay.dll+0001094 from C:\Users\danjo\source\repos\skyrim-tools-source\EnsrickEquipmentDisplay\build\relwithdebinfo-se-only\EnsrickEquipmentDisplay.pdb
[23:05:51.787] [42976] [I] Attempting to load pdb for C:/Program Files (x86)/Steam/steamapps/common/Skyrim Special Edition/data/SKSE/Plugins/EnsrickEquipmentDisplay.dll+000193C (searchPath Data/SKSE/Plugins)
[23:05:51.792] [42976] [I] Successfully opened pdb for dll C:/Program Files (x86)/Steam/steamapps/common/Skyrim Special Edition/data/SKSE/Plugins/EnsrickEquipmentDisplay.dll+000193C from C:\Users\danjo\source\repos\skyrim-tools-source\EnsrickEquipmentDisplay\build\relwithdebinfo-se-only\EnsrickEquipmentDisplay.pdb
[23:05:51.799] [42976] [I] Symbol returning:  C:\Users\danjo\source\repos\skyrim-tools-source\EnsrickEquipmentDisplay\src\Display\Attach.cpp:159 RE::NiPointer<RE::NiAVObject> EED::Attach::BuildDisplay(RE::Actor *,RE::TESObjectWEAP *) [?BuildDisplay@Attach@EED@@YA?AV?$NiPointer@VNiAVObject@RE@@@RE@@PEAVActor@4@PEAVTESObjectWEAP@4@@Z]
[23:05:51.799] [42976] [I] Public symbol found for C:/Program Files (x86)/Steam/steamapps/common/Skyrim Special Edition/data/SKSE/Plugins/EnsrickEquipmentDisplay.dll+000193C:  C:\Users\danjo\source\repos\skyrim-tools-source\EnsrickEquipmentDisplay\src\Display\Attach.cpp:159 RE::NiPointer<RE::NiAVObject> EED::Attach::BuildDisplay(RE::Actor *,RE::TESObjectWEAP *) [?BuildDisplay@Attach@EED@@YA?AV?$NiPointer@VNiAVObject@RE@@@RE@@PEAVActor@4@PEAVTESObjectWEAP@4@@Z]
[23:05:51.801] [42976] [I] Attempting to load pdb for C:/Program Files (x86)/Steam/steamapps/common/Skyrim Special Edition/data/SKSE/Plugins/EnsrickEquipmentDisplay.dll+000193C (searchPath Data/SKSE/Plugins)
[23:05:51.806] [42976] [I] Successfully opened pdb for dll C:/Program Files (x86)/Steam/steamapps/common/Skyrim Special Edition/data/SKSE/Plugins/EnsrickEquipmentDisplay.dll+000193C from C:\Users\danjo\source\repos\skyrim-tools-source\EnsrickEquipmentDisplay\build\relwithdebinfo-se-only\EnsrickEquipmentDisplay.pdb
[23:05:51.825] [42976] [I] Attempting to load pdb for C:/Program Files (x86)/Steam/steamapps/common/Skyrim Special Edition/data/SKSE/Plugins/EnsrickEquipmentDisplay.dll+001F511 (searchPath Data/SKSE/Plugins)
[23:05:51.831] [42976] [I] Successfully opened pdb for dll C:/Program Files (x86)/Steam/steamapps/common/Skyrim Special Edition/data/SKSE/Plugins/EnsrickEquipmentDisplay.dll+001F511 from C:\Users\danjo\source\repos\skyrim-tools-source\EnsrickEquipmentDisplay\build\relwithdebinfo-se-only\EnsrickEquipmentDisplay.pdb
[23:05:51.837] [42976] [I] Symbol returning:  C:\Users\danjo\source\repos\skyrim-tools-source\EnsrickEquipmentDisplay\src\Display\DisplayManager.cpp:342 void EED::DisplayManager::Apply(RE::Actor *,RE::NiAVObject *,EED::DisplayManager::ActorState &,std::span<EED::DisplayRequest const ,-1>) [?Apply@DisplayManager@EED@@AEAAXPEAVActor@RE@@PEAVNiAVObject@4@AEAUActorState@12@V?$span@$$CBUDisplayRequest@EED@@$0?0@std@@@Z]
[23:05:51.837] [42976] [I] Public symbol found for C:/Program Files (x86)/Steam/steamapps/common/Skyrim Special Edition/data/SKSE/Plugins/EnsrickEquipmentDisplay.dll+001F511:  C:\Users\danjo\source\repos\skyrim-tools-source\EnsrickEquipmentDisplay\src\Display\DisplayManager.cpp:342 void EED::DisplayManager::Apply(RE::Actor *,RE::NiAVObject *,EED::DisplayManager::ActorState &,std::span<EED::DisplayRequest const ,-1>) [?Apply@DisplayManager@EED@@AEAAXPEAVActor@RE@@PEAVNiAVObject@4@AEAUActorState@12@V?$span@$$CBUDisplayRequest@EED@@$0?0@std@@@Z]
[23:05:51.839] [42976] [I] Attempting to load pdb for C:/Program Files (x86)/Steam/steamapps/common/Skyrim Special Edition/data/SKSE/Plugins/EnsrickEquipmentDisplay.dll+001F511 (searchPath Data/SKSE/Plugins)
[23:05:51.845] [42976] [I] Successfully opened pdb for dll C:/Program Files (x86)/Steam/steamapps/common/Skyrim Special Edition/data/SKSE/Plugins/EnsrickEquipmentDisplay.dll+001F511 from C:\Users\danjo\source\repos\skyrim-tools-source\EnsrickEquipmentDisplay\build\relwithdebinfo-se-only\EnsrickEquipmentDisplay.pdb
[23:05:51.866] [42976] [I] Attempting to load pdb for C:/Program Files (x86)/Steam/steamapps/common/Skyrim Special Edition/data/SKSE/Plugins/EnsrickEquipmentDisplay.dll+001EAE6 (searchPath Data/SKSE/Plugins)
[23:05:51.870] [42976] [I] Successfully opened pdb for dll C:/Program Files (x86)/Steam/steamapps/common/Skyrim Special Edition/data/SKSE/Plugins/EnsrickEquipmentDisplay.dll+001EAE6 from C:\Users\danjo\source\repos\skyrim-tools-source\EnsrickEquipmentDisplay\build\relwithdebinfo-se-only\EnsrickEquipmentDisplay.pdb
[23:05:51.875] [42976] [I] Symbol returning:  C:\Users\danjo\source\repos\skyrim-tools-source\EnsrickEquipmentDisplay\src\Display\DisplayManager.cpp:274 void EED::DisplayManager::Refresh(RE::Actor *) [?Refresh@DisplayManager@EED@@QEAAXPEAVActor@RE@@@Z]
[23:05:51.875] [42976] [I] Public symbol found for C:/Program Files (x86)/Steam/steamapps/common/Skyrim Special Edition/data/SKSE/Plugins/EnsrickEquipmentDisplay.dll+001EAE6:  C:\Users\danjo\source\repos\skyrim-tools-source\EnsrickEquipmentDisplay\src\Display\DisplayManager.cpp:274 void EED::DisplayManager::Refresh(RE::Actor *) [?Refresh@DisplayManager@EED@@QEAAXPEAVActor@RE@@@Z]
[23:05:51.876] [42976] [I] Attempting to load pdb for C:/Program Files (x86)/Steam/steamapps/common/Skyrim Special Edition/data/SKSE/Plugins/EnsrickEquipmentDisplay.dll+001EAE6 (searchPath Data/SKSE/Plugins)
[23:05:51.881] [42976] [I] Successfully opened pdb for dll C:/Program Files (x86)/Steam/steamapps/common/Skyrim Special Edition/data/SKSE/Plugins/EnsrickEquipmentDisplay.dll+001EAE6 from C:\Users\danjo\source\repos\skyrim-tools-source\EnsrickEquipmentDisplay\build\relwithdebinfo-se-only\EnsrickEquipmentDisplay.pdb
[23:05:51.899] [42976] [I] Attempting to load pdb for C:/Program Files (x86)/Steam/steamapps/common/Skyrim Special Edition/data/SKSE/Plugins/EnsrickEquipmentDisplay.dll+001DC54 (searchPath Data/SKSE/Plugins)
[23:05:51.904] [42976] [I] Successfully opened pdb for dll C:/Program Files (x86)/Steam/steamapps/common/Skyrim Special Edition/data/SKSE/Plugins/EnsrickEquipmentDisplay.dll+001DC54 from C:\Users\danjo\source\repos\skyrim-tools-source\EnsrickEquipmentDisplay\build\relwithdebinfo-se-only\EnsrickEquipmentDisplay.pdb
[23:05:51.910] [42976] [I] Symbol returning:  C:\Users\danjo\source\repos\skyrim-tools-source\EnsrickEquipmentDisplay\src\Display\DisplayManager.cpp:168 void EED::DisplayManager::RunScheduled(RE::BSPointerHandle<RE::Actor,RE::BSUntypedPointerHandle<21,5> >,EED::DisplayManager::Reason) [?RunScheduled@DisplayManager@EED@@AEAAXV?$BSPointerHandle@VActor@RE@@V?$BSUntypedPointerHandle@$0BF@$04@2@@RE@@W4Reason@12@@Z]
[23:05:51.910] [42976] [I] Public symbol found for C:/Program Files (x86)/Steam/steamapps/common/Skyrim Special Edition/data/SKSE/Plugins/EnsrickEquipmentDisplay.dll+001DC54:  C:\Users\danjo\source\repos\skyrim-tools-source\EnsrickEquipmentDisplay\src\Display\DisplayManager.cpp:168 void EED::DisplayManager::RunScheduled(RE::BSPointerHandle<RE::Actor,RE::BSUntypedPointerHandle<21,5> >,EED::DisplayManager::Reason) [?RunScheduled@DisplayManager@EED@@AEAAXV?$BSPointerHandle@VActor@RE@@V?$BSUntypedPointerHandle@$0BF@$04@2@@RE@@W4Reason@12@@Z]
[23:05:51.912] [42976] [I] Attempting to load pdb for C:/Program Files (x86)/Steam/steamapps/common/Skyrim Special Edition/data/SKSE/Plugins/EnsrickEquipmentDisplay.dll+001DC54 (searchPath Data/SKSE/Plugins)
[23:05:51.917] [42976] [I] Successfully opened pdb for dll C:/Program Files (x86)/Steam/steamapps/common/Skyrim Special Edition/data/SKSE/Plugins/EnsrickEquipmentDisplay.dll+001DC54 from C:\Users\danjo\source\repos\skyrim-tools-source\EnsrickEquipmentDisplay\build\relwithdebinfo-se-only\EnsrickEquipmentDisplay.pdb
[23:05:51.934] [42976] [I] Attempting to load pdb for C:/Program Files (x86)/Steam/steamapps/common/Skyrim Special Edition/data/SKSE/Plugins/EnsrickEquipmentDisplay.dll+001DA26 (searchPath Data/SKSE/Plugins)
[23:05:51.939] [42976] [I] Successfully opened pdb for dll C:/Program Files (x86)/Steam/steamapps/common/Skyrim Special Edition/data/SKSE/Plugins/EnsrickEquipmentDisplay.dll+001DA26 from C:\Users\danjo\source\repos\skyrim-tools-source\EnsrickEquipmentDisplay\build\relwithdebinfo-se-only\EnsrickEquipmentDisplay.pdb
[23:05:51.943] [42976] [I] Symbol returning:  C:\Users\danjo\source\repos\skyrim-tools-source\EnsrickEquipmentDisplay\src\Display\DisplayManager.cpp:129 void EED::DisplayManager::Schedule(RE::Actor *,EED::DisplayManager::Reason) [?Schedule@DisplayManager@EED@@AEAAXPEAVActor@RE@@W4Reason@12@@Z]
[23:05:51.943] [42976] [I] Public symbol found for C:/Program Files (x86)/Steam/steamapps/common/Skyrim Special Edition/data/SKSE/Plugins/EnsrickEquipmentDisplay.dll+001DA26:  C:\Users\danjo\source\repos\skyrim-tools-source\EnsrickEquipmentDisplay\src\Display\DisplayManager.cpp:129 void EED::DisplayManager::Schedule(RE::Actor *,EED::DisplayManager::Reason) [?Schedule@DisplayManager@EED@@AEAAXPEAVActor@RE@@W4Reason@12@@Z]
[23:05:51.945] [42976] [I] Attempting to load pdb for C:/Program Files (x86)/Steam/steamapps/common/Skyrim Special Edition/data/SKSE/Plugins/EnsrickEquipmentDisplay.dll+001DA26 (searchPath Data/SKSE/Plugins)
[23:05:51.949] [42976] [I] Successfully opened pdb for dll C:/Program Files (x86)/Steam/steamapps/common/Skyrim Special Edition/data/SKSE/Plugins/EnsrickEquipmentDisplay.dll+001DA26 from C:\Users\danjo\source\repos\skyrim-tools-source\EnsrickEquipmentDisplay\build\relwithdebinfo-se-only\EnsrickEquipmentDisplay.pdb
[23:05:51.962] [42976] [I] Attempting to load pdb for C:/Program Files (x86)/Steam/steamapps/common/Skyrim Special Edition/skse64_1_7_104.dll+001D76F (searchPath Data/SKSE/Plugins)
[23:05:51.967] [42976] [I] Successfully opened pdb for dll C:/Program Files (x86)/Steam/steamapps/common/Skyrim Special Edition/skse64_1_7_104.dll+001D76F from C:\Program Files (x86)\Steam\steamapps\common\Skyrim Special Edition\skse64_1_7_104.pdb
[23:05:51.975] [42976] [I] Symbol returning:  C:\Users\danjo\source\repos\skyrim-tools-source\skse64-1.7.104-headless\skse64\Hooks_Threads.cpp:31 void BSTaskPool::ProcessTasks(void) [?ProcessTasks@BSTaskPool@@QEAAXXZ]
[23:05:51.975] [42976] [I] Public symbol found for C:/Program Files (x86)/Steam/steamapps/common/Skyrim Special Edition/skse64_1_7_104.dll+001D76F:  C:\Users\danjo\source\repos\skyrim-tools-source\skse64-1.7.104-headless\skse64\Hooks_Threads.cpp:31 void BSTaskPool::ProcessTasks(void) [?ProcessTasks@BSTaskPool@@QEAAXXZ]
[23:05:51.976] [42976] [I] Attempting to load pdb for C:/Program Files (x86)/Steam/steamapps/common/Skyrim Special Edition/skse64_1_7_104.dll+001D76F (searchPath Data/SKSE/Plugins)
[23:05:51.983] [42976] [I] Successfully opened pdb for dll C:/Program Files (x86)/Steam/steamapps/common/Skyrim Special Edition/skse64_1_7_104.dll+001D76F from C:\Program Files (x86)\Steam\steamapps\common\Skyrim Special Edition\skse64_1_7_104.pdb
[23:05:52.002] [42976] [I] Attempting to load pdb for C:/Program Files (x86)/Steam/steamapps/common/Skyrim Special Edition/SkyrimSE.exe+065A3E1 (searchPath Data/SKSE/Plugins)
[23:05:52.004] [42976] [I] Failed to open pdb for dll C:/Program Files (x86)/Steam/steamapps/common/Skyrim Special Edition/SkyrimSE.exe+065A3E1	PDB signature mismatch
[23:05:52.005] [42976] [I] Attempting to load pdb for C:/Program Files (x86)/Steam/steamapps/common/Skyrim Special Edition/SkyrimSE.exe+065A3E1 (searchPath Data/SKSE/Plugins)
[23:05:52.007] [42976] [I] Failed to open pdb for dll C:/Program Files (x86)/Steam/steamapps/common/Skyrim Special Edition/SkyrimSE.exe+065A3E1	PDB signature mismatch
[23:05:52.008] [42976] [I] Attempting to load pdb for C:/Program Files (x86)/Steam/steamapps/common/Skyrim Special Edition/SkyrimSE.exe+06E610F (searchPath Data/SKSE/Plugins)
[23:05:52.010] [42976] [I] Failed to open pdb for dll C:/Program Files (x86)/Steam/steamapps/common/Skyrim Special Edition/SkyrimSE.exe+06E610F	PDB signature mismatch
[23:05:52.012] [42976] [I] Attempting to load pdb for C:/Program Files (x86)/Steam/steamapps/common/Skyrim Special Edition/SkyrimSE.exe+06E610F (searchPath Data/SKSE/Plugins)
[23:05:52.013] [42976] [I] Failed to open pdb for dll C:/Program Files (x86)/Steam/steamapps/common/Skyrim Special Edition/SkyrimSE.exe+06E610F	PDB signature mismatch
[23:05:52.014] [42976] [I] Attempting to load pdb for C:/Program Files (x86)/Steam/steamapps/common/Skyrim Special Edition/SkyrimSE.exe+0EBC248 (searchPath Data/SKSE/Plugins)
[23:05:52.015] [42976] [I] Failed to open pdb for dll C:/Program Files (x86)/Steam/steamapps/common/Skyrim Special Edition/SkyrimSE.exe+0EBC248	PDB signature mismatch
[23:05:52.017] [42976] [I] Attempting to load pdb for C:/Program Files (x86)/Steam/steamapps/common/Skyrim Special Edition/SkyrimSE.exe+0EBC248 (searchPath Data/SKSE/Plugins)
[23:05:52.018] [42976] [I] Failed to open pdb for dll C:/Program Files (x86)/Steam/steamapps/common/Skyrim Special Edition/SkyrimSE.exe+0EBC248	PDB signature mismatch
[23:05:52.019] [42976] [I] Attempting to load pdb for C:/Program Files (x86)/Steam/steamapps/common/Skyrim Special Edition/SkyrimSE.exe+0EBC811 (searchPath Data/SKSE/Plugins)
[23:05:52.020] [42976] [I] Failed to open pdb for dll C:/Program Files (x86)/Steam/steamapps/common/Skyrim Special Edition/SkyrimSE.exe+0EBC811	PDB signature mismatch
[23:05:52.022] [42976] [I] Attempting to load pdb for C:/Program Files (x86)/Steam/steamapps/common/Skyrim Special Edition/SkyrimSE.exe+0EBC811 (searchPath Data/SKSE/Plugins)
[23:05:52.023] [42976] [I] Failed to open pdb for dll C:/Program Files (x86)/Steam/steamapps/common/Skyrim Special Edition/SkyrimSE.exe+0EBC811	PDB signature mismatch
[23:05:52.024] [42976] [I] Attempting to load pdb for C:/Program Files (x86)/Steam/steamapps/common/Skyrim Special Edition/SkyrimSE.exe+0EBAB9A (searchPath Data/SKSE/Plugins)
[23:05:52.025] [42976] [I] Failed to open pdb for dll C:/Program Files (x86)/Steam/steamapps/common/Skyrim Special Edition/SkyrimSE.exe+0EBAB9A	PDB signature mismatch
[23:05:52.026] [42976] [I] Attempting to load pdb for C:/Program Files (x86)/Steam/steamapps/common/Skyrim Special Edition/SkyrimSE.exe+0EBAB9A (searchPath Data/SKSE/Plugins)
[23:05:52.028] [42976] [I] Failed to open pdb for dll C:/Program Files (x86)/Steam/steamapps/common/Skyrim Special Edition/SkyrimSE.exe+0EBAB9A	PDB signature mismatch
[23:05:52.029] [42976] [I] Attempting to load pdb for C:/Program Files (x86)/Steam/steamapps/common/Skyrim Special Edition/SkyrimSE.exe+0CEB1DD (searchPath Data/SKSE/Plugins)
[23:05:52.031] [42976] [I] Failed to open pdb for dll C:/Program Files (x86)/Steam/steamapps/common/Skyrim Special Edition/SkyrimSE.exe+0CEB1DD	PDB signature mismatch
[23:05:52.032] [42976] [I] Attempting to load pdb for C:/Program Files (x86)/Steam/steamapps/common/Skyrim Special Edition/SkyrimSE.exe+0CEB1DD (searchPath Data/SKSE/Plugins)
[23:05:52.034] [42976] [I] Failed to open pdb for dll C:/Program Files (x86)/Steam/steamapps/common/Skyrim Special Edition/SkyrimSE.exe+0CEB1DD	PDB signature mismatch
[23:05:52.036] [42976] [I] Attempting to load pdb for C:/WINDOWS/System32/KERNEL32.DLL+002CD87 (searchPath Data/SKSE/Plugins)
[23:05:52.038] [42976] [I] Failed to open pdb for dll C:/WINDOWS/System32/KERNEL32.DLL+002CD87	PDB signature mismatch
[23:05:52.040] [42976] [I] Attempting to load pdb for C:/WINDOWS/System32/KERNEL32.DLL+002CD87 (searchPath Data/SKSE/Plugins)
[23:05:52.042] [42976] [I] Failed to open pdb for dll C:/WINDOWS/System32/KERNEL32.DLL+002CD87	PDB signature mismatch
[23:05:52.043] [42976] [I] Attempting to load pdb for C:/WINDOWS/SYSTEM32/ntdll.dll+00ACAEC (searchPath Data/SKSE/Plugins)
[23:05:52.044] [42976] [I] Failed to open pdb for dll C:/WINDOWS/SYSTEM32/ntdll.dll+00ACAEC	PDB signature mismatch
[23:05:52.046] [42976] [I] Attempting to load pdb for C:/WINDOWS/SYSTEM32/ntdll.dll+00ACAEC (searchPath Data/SKSE/Plugins)
[23:05:52.048] [42976] [I] Failed to open pdb for dll C:/WINDOWS/SYSTEM32/ntdll.dll+00ACAEC	PDB signature mismatch
[23:05:52.049] [42976] [I] Attempting to load pdb for C:/Program Files (x86)/Steam/steamapps/common/Skyrim Special Edition/SkyrimSE.exe+104783B (searchPath Data/SKSE/Plugins)
[23:05:52.050] [42976] [I] Failed to open pdb for dll C:/Program Files (x86)/Steam/steamapps/common/Skyrim Special Edition/SkyrimSE.exe+104783B	PDB signature mismatch
[23:05:52.052] [42976] [I] Attempting to load pdb for C:/Program Files (x86)/Steam/steamapps/common/Skyrim Special Edition/SkyrimSE.exe+104783B (searchPath Data/SKSE/Plugins)
[23:05:52.054] [42976] [I] Failed to open pdb for dll C:/Program Files (x86)/Steam/steamapps/common/Skyrim Special Edition/SkyrimSE.exe+104783B	PDB signature mismatch
[23:05:52.055] [42976] [I] Attempting to load pdb for C:/Program Files (x86)/Steam/steamapps/common/Skyrim Special Edition/SkyrimSE.exe+156A770 (searchPath Data/SKSE/Plugins)
[23:05:52.057] [42976] [I] Failed to open pdb for dll C:/Program Files (x86)/Steam/steamapps/common/Skyrim Special Edition/SkyrimSE.exe+156A770	PDB signature mismatch
[23:05:52.059] [42976] [I] Attempting to load pdb for C:/Program Files (x86)/Steam/steamapps/common/Skyrim Special Edition/SkyrimSE.exe+156A770 (searchPath Data/SKSE/Plugins)
[23:05:52.060] [42976] [I] Failed to open pdb for dll C:/Program Files (x86)/Steam/steamapps/common/Skyrim Special Edition/SkyrimSE.exe+156A770	PDB signature mismatch
[23:05:52.062] [42976] [I] Attempting to load pdb for C:/Program Files (x86)/Steam/steamapps/common/Skyrim Special Edition/SkyrimSE.exe+156A7C0 (searchPath Data/SKSE/Plugins)
[23:05:52.064] [42976] [I] Failed to open pdb for dll C:/Program Files (x86)/Steam/steamapps/common/Skyrim Special Edition/SkyrimSE.exe+156A7C0	PDB signature mismatch
[23:05:52.066] [42976] [I] Attempting to load pdb for C:/Program Files (x86)/Steam/steamapps/common/Skyrim Special Edition/SkyrimSE.exe+156A7C0 (searchPath Data/SKSE/Plugins)
[23:05:52.067] [42976] [I] Failed to open pdb for dll C:/Program Files (x86)/Steam/steamapps/common/Skyrim Special Edition/SkyrimSE.exe+156A7C0	PDB signature mismatch
[23:05:52.069] [42976] [I] Attempting to load pdb for C:/Program Files (x86)/Steam/steamapps/common/Skyrim Special Edition/data/SKSE/Plugins/EnsrickEquipmentDisplay.dll+00516BC (searchPath Data/SKSE/Plugins)
[23:05:52.074] [42976] [I] Successfully opened pdb for dll C:/Program Files (x86)/Steam/steamapps/common/Skyrim Special Edition/data/SKSE/Plugins/EnsrickEquipmentDisplay.dll+00516BC from C:\Users\danjo\source\repos\skyrim-tools-source\EnsrickEquipmentDisplay\build\relwithdebinfo-se-only\EnsrickEquipmentDisplay.pdb
[23:05:52.081] [42976] [I] Symbol returning:  C:\Users\danjo\source\repos\skyrim-tools-source\EnsrickEquipmentDisplay\extern\CommonLibSSE-NG\src\RE\B\BSVisit.cpp:118 RE::BSVisit::BSVisitControl RE::BSVisit::TraverseScenegraphObjects(RE::NiAVObject *,std::function<RE::BSVisit::BSVisitControl (RE::NiAVObject *)>) [?TraverseScenegraphObjects@BSVisit@RE@@YA?AW4BSVisitControl@12@PEAVNiAVObject@2@V?$function@$$A6A?AW4BSVisitControl@BSVisit@RE@@PEAVNiAVObject@3@@Z@std@@@Z]
[23:05:52.081] [42976] [I] Public symbol found for C:/Program Files (x86)/Steam/steamapps/common/Skyrim Special Edition/data/SKSE/Plugins/EnsrickEquipmentDisplay.dll+00516BC:  C:\Users\danjo\source\repos\skyrim-tools-source\EnsrickEquipmentDisplay\extern\CommonLibSSE-NG\src\RE\B\BSVisit.cpp:118 RE::BSVisit::BSVisitControl RE::BSVisit::TraverseScenegraphObjects(RE::NiAVObject *,std::function<RE::BSVisit::BSVisitControl (RE::NiAVObject *)>) [?TraverseScenegraphObjects@BSVisit@RE@@YA?AW4BSVisitControl@12@PEAVNiAVObject@2@V?$function@$$A6A?AW4BSVisitControl@BSVisit@RE@@PEAVNiAVObject@3@@Z@std@@@Z]
[23:05:52.083] [42976] [I] Attempting to load pdb for C:/Program Files (x86)/Steam/steamapps/common/Skyrim Special Edition/data/SKSE/Plugins/EnsrickEquipmentDisplay.dll+00516BC (searchPath Data/SKSE/Plugins)
[23:05:52.089] [42976] [I] Successfully opened pdb for dll C:/Program Files (x86)/Steam/steamapps/common/Skyrim Special Edition/data/SKSE/Plugins/EnsrickEquipmentDisplay.dll+00516BC from C:\Users\danjo\source\repos\skyrim-tools-source\EnsrickEquipmentDisplay\build\relwithdebinfo-se-only\EnsrickEquipmentDisplay.pdb
[23:05:52.108] [42976] [I] Attempting to load pdb for C:/Program Files (x86)/Steam/steamapps/common/Skyrim Special Edition/SkyrimSE.exe+15A8009 (searchPath Data/SKSE/Plugins)
[23:05:52.110] [42976] [I] Failed to open pdb for dll C:/Program Files (x86)/Steam/steamapps/common/Skyrim Special Edition/SkyrimSE.exe+15A8009	PDB signature mismatch
[23:05:52.112] [42976] [I] Attempting to load pdb for C:/Program Files (x86)/Steam/steamapps/common/Skyrim Special Edition/SkyrimSE.exe+15A8009 (searchPath Data/SKSE/Plugins)
[23:05:52.114] [42976] [I] Failed to open pdb for dll C:/Program Files (x86)/Steam/steamapps/common/Skyrim Special Edition/SkyrimSE.exe+15A8009	PDB signature mismatch
[23:05:52.115] [42976] [I] Attempting to load pdb for C:/Program Files (x86)/Steam/steamapps/common/Skyrim Special Edition/SkyrimSE.exe+0199FBE (searchPath Data/SKSE/Plugins)
[23:05:52.117] [42976] [I] Failed to open pdb for dll C:/Program Files (x86)/Steam/steamapps/common/Skyrim Special Edition/SkyrimSE.exe+0199FBE	PDB signature mismatch
[23:05:52.119] [42976] [I] Attempting to load pdb for C:/Program Files (x86)/Steam/steamapps/common/Skyrim Special Edition/SkyrimSE.exe+0199FBE (searchPath Data/SKSE/Plugins)
[23:05:52.121] [42976] [I] Failed to open pdb for dll C:/Program Files (x86)/Steam/steamapps/common/Skyrim Special Edition/SkyrimSE.exe+0199FBE	PDB signature mismatch
[23:05:52.123] [42976] [I] Attempting to load pdb for C:/Program Files (x86)/Steam/steamapps/common/Skyrim Special Edition/data/SKSE/Plugins/EnsrickEquipmentDisplay.dll+001CB76 (searchPath Data/SKSE/Plugins)
[23:05:52.128] [42976] [I] Successfully opened pdb for dll C:/Program Files (x86)/Steam/steamapps/common/Skyrim Special Edition/data/SKSE/Plugins/EnsrickEquipmentDisplay.dll+001CB76 from C:\Users\danjo\source\repos\skyrim-tools-source\EnsrickEquipmentDisplay\build\relwithdebinfo-se-only\EnsrickEquipmentDisplay.pdb
[23:05:52.135] [42976] [I] Symbol returning:  C:\Users\danjo\source\repos\skyrim-tools-source\EnsrickEquipmentDisplay\extern\CommonLibSSE-NG\include\REL\Module.h:84 static REL::Module & REL::Module::get(void) [?get@Module@REL@@SAAEAV12@XZ]
[23:05:52.135] [42976] [I] Public symbol found for C:/Program Files (x86)/Steam/steamapps/common/Skyrim Special Edition/data/SKSE/Plugins/EnsrickEquipmentDisplay.dll+001CB76:  C:\Users\danjo\source\repos\skyrim-tools-source\EnsrickEquipmentDisplay\extern\CommonLibSSE-NG\include\REL\Module.h:84 static REL::Module & REL::Module::get(void) [?get@Module@REL@@SAAEAV12@XZ]
[23:05:52.137] [42976] [I] Attempting to load pdb for C:/Program Files (x86)/Steam/steamapps/common/Skyrim Special Edition/data/SKSE/Plugins/EnsrickEquipmentDisplay.dll+001CB76 (searchPath Data/SKSE/Plugins)
[23:05:52.142] [42976] [I] Successfully opened pdb for dll C:/Program Files (x86)/Steam/steamapps/common/Skyrim Special Edition/data/SKSE/Plugins/EnsrickEquipmentDisplay.dll+001CB76 from C:\Users\danjo\source\repos\skyrim-tools-source\EnsrickEquipmentDisplay\build\relwithdebinfo-se-only\EnsrickEquipmentDisplay.pdb
[23:05:52.162] [42976] [I] Attempting to load pdb for C:/Program Files (x86)/Steam/steamapps/common/Skyrim Special Edition/SkyrimSE.exe+15A7EB6 (searchPath Data/SKSE/Plugins)
[23:05:52.163] [42976] [I] Failed to open pdb for dll C:/Program Files (x86)/Steam/steamapps/common/Skyrim Special Edition/SkyrimSE.exe+15A7EB6	PDB signature mismatch
[23:05:52.164] [42976] [I] Attempting to load pdb for C:/Program Files (x86)/Steam/steamapps/common/Skyrim Special Edition/SkyrimSE.exe+15A7EB6 (searchPath Data/SKSE/Plugins)
[23:05:52.165] [42976] [I] Failed to open pdb for dll C:/Program Files (x86)/Steam/steamapps/common/Skyrim Special Edition/SkyrimSE.exe+15A7EB6	PDB signature mismatch
[23:05:52.166] [42976] [I] Attempting to load pdb for C:/Program Files (x86)/Steam/steamapps/common/Skyrim Special Edition/SkyrimSE.exe+0FC9294 (searchPath Data/SKSE/Plugins)
[23:05:52.167] [42976] [I] Failed to open pdb for dll C:/Program Files (x86)/Steam/steamapps/common/Skyrim Special Edition/SkyrimSE.exe+0FC9294	PDB signature mismatch
[23:05:52.168] [42976] [I] Attempting to load pdb for C:/Program Files (x86)/Steam/steamapps/common/Skyrim Special Edition/SkyrimSE.exe+0FC9294 (searchPath Data/SKSE/Plugins)
[23:05:52.170] [42976] [I] Failed to open pdb for dll C:/Program Files (x86)/Steam/steamapps/common/Skyrim Special Edition/SkyrimSE.exe+0FC9294	PDB signature mismatch
[23:05:52.171] [42976] [I] Attempting to load pdb for C:/Program Files (x86)/Steam/steamapps/common/Skyrim Special Edition/SkyrimSE.exe+0EDCA40 (searchPath Data/SKSE/Plugins)
[23:05:52.173] [42976] [I] Failed to open pdb for dll C:/Program Files (x86)/Steam/steamapps/common/Skyrim Special Edition/SkyrimSE.exe+0EDCA40	PDB signature mismatch
[23:05:52.175] [42976] [I] Attempting to load pdb for C:/Program Files (x86)/Steam/steamapps/common/Skyrim Special Edition/SkyrimSE.exe+0EDCA40 (searchPath Data/SKSE/Plugins)
[23:05:52.176] [42976] [I] Failed to open pdb for dll C:/Program Files (x86)/Steam/steamapps/common/Skyrim Special Edition/SkyrimSE.exe+0EDCA40	PDB signature mismatch
[23:05:52.178] [42976] [I] Attempting to load pdb for C:/Program Files (x86)/Steam/steamapps/common/Skyrim Special Edition/SkyrimSE.exe+0FC92C0 (searchPath Data/SKSE/Plugins)
[23:05:52.180] [42976] [I] Failed to open pdb for dll C:/Program Files (x86)/Steam/steamapps/common/Skyrim Special Edition/SkyrimSE.exe+0FC92C0	PDB signature mismatch
[23:05:52.181] [42976] [I] Attempting to load pdb for C:/Program Files (x86)/Steam/steamapps/common/Skyrim Special Edition/SkyrimSE.exe+0FC92C0 (searchPath Data/SKSE/Plugins)
[23:05:52.182] [42976] [I] Failed to open pdb for dll C:/Program Files (x86)/Steam/steamapps/common/Skyrim Special Edition/SkyrimSE.exe+0FC92C0	PDB signature mismatch
[23:05:52.183] [42976] [I] Attempting to load pdb for C:/Program Files (x86)/Steam/steamapps/common/Skyrim Special Edition/data/SKSE/Plugins/EnsrickEquipmentDisplay.dll+0068DA4 (searchPath Data/SKSE/Plugins)
[23:05:52.188] [42976] [I] Successfully opened pdb for dll C:/Program Files (x86)/Steam/steamapps/common/Skyrim Special Edition/data/SKSE/Plugins/EnsrickEquipmentDisplay.dll+0068DA4 from C:\Users\danjo\source\repos\skyrim-tools-source\EnsrickEquipmentDisplay\build\relwithdebinfo-se-only\EnsrickEquipmentDisplay.pdb
[23:05:52.192] [42976] [I] Symbol returning:  C:\Users\danjo\source\repos\vcpkg\buildtrees\spdlog\src\v1.13.0-f032863ee1.clean\include\spdlog\logger-inl.h:130 void spdlog::logger::log_it_(spdlog::details::log_msg const &,bool,bool) [?log_it_@logger@spdlog@@IEAAXAEBUlog_msg@details@2@_N1@Z]
[23:05:52.192] [42976] [I] Public symbol found for C:/Program Files (x86)/Steam/steamapps/common/Skyrim Special Edition/data/SKSE/Plugins/EnsrickEquipmentDisplay.dll+0068DA4:  C:\Users\danjo\source\repos\vcpkg\buildtrees\spdlog\src\v1.13.0-f032863ee1.clean\include\spdlog\logger-inl.h:130 void spdlog::logger::log_it_(spdlog::details::log_msg const &,bool,bool) [?log_it_@logger@spdlog@@IEAAXAEBUlog_msg@details@2@_N1@Z]
[23:05:52.194] [42976] [I] Attempting to load pdb for C:/Program Files (x86)/Steam/steamapps/common/Skyrim Special Edition/data/SKSE/Plugins/EnsrickEquipmentDisplay.dll+0068DA4 (searchPath Data/SKSE/Plugins)
[23:05:52.199] [42976] [I] Successfully opened pdb for dll C:/Program Files (x86)/Steam/steamapps/common/Skyrim Special Edition/data/SKSE/Plugins/EnsrickEquipmentDisplay.dll+0068DA4 from C:\Users\danjo\source\repos\skyrim-tools-source\EnsrickEquipmentDisplay\build\relwithdebinfo-se-only\EnsrickEquipmentDisplay.pdb
[23:05:52.216] [42976] [I] Attempting to load pdb for C:/Program Files (x86)/Steam/steamapps/common/Skyrim Special Edition/data/SKSE/Plugins/EnsrickEquipmentDisplay.dll+0021071 (searchPath Data/SKSE/Plugins)
[23:05:52.220] [42976] [I] Successfully opened pdb for dll C:/Program Files (x86)/Steam/steamapps/common/Skyrim Special Edition/data/SKSE/Plugins/EnsrickEquipmentDisplay.dll+0021071 from C:\Users\danjo\source\repos\skyrim-tools-source\EnsrickEquipmentDisplay\build\relwithdebinfo-se-only\EnsrickEquipmentDisplay.pdb
[23:05:52.225] [42976] [I] Symbol returning:  C:\Users\danjo\source\repos\skyrim-tools-source\EnsrickEquipmentDisplay\build\relwithdebinfo-se-only\vcpkg_installed\x64-windows-static-md\include\spdlog\logger.h:335 void spdlog::logger::log_<unsigned int,std::basic_string<char,std::char_traits<char>,std::allocator<char> > const &>(spdlog::source_loc,spdlog::level::level_enum,fmt::v10::basic_string_view<char>,unsigned int &&,std::basic_string<char,std::char_traits<char>,std::allocator<char> > const &) [??$log_@IAEBV?$basic_string@DU?$char_traits@D@std@@V?$allocator@D@2@@std@@@logger@spdlog@@IEAAXUsource_loc@1@W4level_enum@level@1@V?$basic_string_view@D@v10@fmt@@$$QEAIAEBV?$basic_string@DU?$char_traits@D@std@@V?$allocator@D@2@@std@@@Z]
[23:05:52.225] [42976] [I] Public symbol found for C:/Program Files (x86)/Steam/steamapps/common/Skyrim Special Edition/data/SKSE/Plugins/EnsrickEquipmentDisplay.dll+0021071:  C:\Users\danjo\source\repos\skyrim-tools-source\EnsrickEquipmentDisplay\build\relwithdebinfo-se-only\vcpkg_installed\x64-windows-static-md\include\spdlog\logger.h:335 void spdlog::logger::log_<unsigned int,std::basic_string<char,std::char_traits<char>,std::allocator<char> > const &>(spdlog::source_loc,spdlog::level::level_enum,fmt::v10::basic_string_view<char>,unsigned int &&,std::basic_string<char,std::char_traits<char>,std::allocator<char> > const &) [??$log_@IAEBV?$basic_string@DU?$char_traits@D@std@@V?$allocator@D@2@@std@@@logger@spdlog@@IEAAXUsource_loc@1@W4level_enum@level@1@V?$basic_string_view@D@v10@fmt@@$$QEAIAEBV?$basic_string@DU?$char_traits@D@std@@V?$allocator@D@2@@std@@@Z]
[23:05:52.227] [42976] [I] Attempting to load pdb for C:/Program Files (x86)/Steam/steamapps/common/Skyrim Special Edition/data/SKSE/Plugins/EnsrickEquipmentDisplay.dll+0021071 (searchPath Data/SKSE/Plugins)
[23:05:52.231] [42976] [I] Successfully opened pdb for dll C:/Program Files (x86)/Steam/steamapps/common/Skyrim Special Edition/data/SKSE/Plugins/EnsrickEquipmentDisplay.dll+0021071 from C:\Users\danjo\source\repos\skyrim-tools-source\EnsrickEquipmentDisplay\build\relwithdebinfo-se-only\EnsrickEquipmentDisplay.pdb
[23:05:52.248] [42976] [I] Attempting to load pdb for C:/WINDOWS/SYSTEM32/ntdll.dll+002670B (searchPath Data/SKSE/Plugins)
[23:05:52.249] [42976] [I] Failed to open pdb for dll C:/WINDOWS/SYSTEM32/ntdll.dll+002670B	PDB signature mismatch
[23:05:52.250] [42976] [I] Attempting to load pdb for C:/WINDOWS/SYSTEM32/ntdll.dll+002670B (searchPath Data/SKSE/Plugins)
[23:05:52.251] [42976] [I] Failed to open pdb for dll C:/WINDOWS/SYSTEM32/ntdll.dll+002670B	PDB signature mismatch
[23:05:52.253] [42976] [I] Attempting to load pdb for C:/Program Files (x86)/Steam/steamapps/common/Skyrim Special Edition/SkyrimSE.exe+09B9559 (searchPath Data/SKSE/Plugins)
[23:05:52.255] [42976] [I] Failed to open pdb for dll C:/Program Files (x86)/Steam/steamapps/common/Skyrim Special Edition/SkyrimSE.exe+09B9559	PDB signature mismatch
[23:05:52.256] [42976] [I] Attempting to load pdb for C:/Program Files (x86)/Steam/steamapps/common/Skyrim Special Edition/SkyrimSE.exe+09B9559 (searchPath Data/SKSE/Plugins)
[23:05:52.257] [42976] [I] Failed to open pdb for dll C:/Program Files (x86)/Steam/steamapps/common/Skyrim Special Edition/SkyrimSE.exe+09B9559	PDB signature mismatch
[23:05:52.258] [42976] [I] Attempting to load pdb for C:/Program Files (x86)/Steam/steamapps/common/Skyrim Special Edition/SkyrimSE.exe+09B9A3D (searchPath Data/SKSE/Plugins)
[23:05:52.259] [42976] [I] Failed to open pdb for dll C:/Program Files (x86)/Steam/steamapps/common/Skyrim Special Edition/SkyrimSE.exe+09B9A3D	PDB signature mismatch
[23:05:52.261] [42976] [I] Attempting to load pdb for C:/Program Files (x86)/Steam/steamapps/common/Skyrim Special Edition/SkyrimSE.exe+09B9A3D (searchPath Data/SKSE/Plugins)
[23:05:52.262] [42976] [I] Failed to open pdb for dll C:/Program Files (x86)/Steam/steamapps/common/Skyrim Special Edition/SkyrimSE.exe+09B9A3D	PDB signature mismatch
[23:05:52.263] [42976] [I] Attempting to load pdb for C:/Program Files (x86)/Steam/steamapps/common/Skyrim Special Edition/SkyrimSE.exe+02CD33E (searchPath Data/SKSE/Plugins)
[23:05:52.264] [42976] [I] Failed to open pdb for dll C:/Program Files (x86)/Steam/steamapps/common/Skyrim Special Edition/SkyrimSE.exe+02CD33E	PDB signature mismatch
[23:05:52.265] [42976] [I] Attempting to load pdb for C:/Program Files (x86)/Steam/steamapps/common/Skyrim Special Edition/SkyrimSE.exe+02CD33E (searchPath Data/SKSE/Plugins)
[23:05:52.266] [42976] [I] Failed to open pdb for dll C:/Program Files (x86)/Steam/steamapps/common/Skyrim Special Edition/SkyrimSE.exe+02CD33E	PDB signature mismatch
[23:05:52.267] [42976] [I] Attempting to load pdb for C:/Program Files (x86)/Steam/steamapps/common/Skyrim Special Edition/data/SKSE/Plugins/EngineFixes.dll+00657CC (searchPath Data/SKSE/Plugins)
[23:05:52.279] [42976] [I] Successfully opened pdb for dll C:/Program Files (x86)/Steam/steamapps/common/Skyrim Special Edition/data/SKSE/Plugins/EngineFixes.dll+00657CC from C:\Program Files (x86)\Steam\steamapps\common\Skyrim Special Edition\data\SKSE\Plugins\EngineFixes.pdb
[23:05:52.295] [42976] [I] Symbol returning:  D:\a\EngineFixesSkyrim64\EngineFixesSkyrim64\src\memory\scrapheap.h:28 RE::ScrapHeap * Memory::ScrapHeap::detail::Ctor(RE::ScrapHeap *) [?Ctor@detail@ScrapHeap@Memory@@YAPEAV2RE@@PEAV24@@Z]
[23:05:52.295] [42976] [I] Public symbol found for C:/Program Files (x86)/Steam/steamapps/common/Skyrim Special Edition/data/SKSE/Plugins/EngineFixes.dll+00657CC:  D:\a\EngineFixesSkyrim64\EngineFixesSkyrim64\src\memory\scrapheap.h:28 RE::ScrapHeap * Memory::ScrapHeap::detail::Ctor(RE::ScrapHeap *) [?Ctor@detail@ScrapHeap@Memory@@YAPEAV2RE@@PEAV24@@Z]
[23:05:52.297] [42976] [I] Attempting to load pdb for C:/Program Files (x86)/Steam/steamapps/common/Skyrim Special Edition/data/SKSE/Plugins/EngineFixes.dll+00657CC (searchPath Data/SKSE/Plugins)
[23:05:52.305] [42976] [I] Successfully opened pdb for dll C:/Program Files (x86)/Steam/steamapps/common/Skyrim Special Edition/data/SKSE/Plugins/EngineFixes.dll+00657CC from C:\Program Files (x86)\Steam\steamapps\common\Skyrim Special Edition\data\SKSE\Plugins\EngineFixes.pdb
[23:05:52.370] [42976] [I] Attempting to load pdb for C:/WINDOWS/System32/KERNELBASE.dll+010ED90 (searchPath Data/SKSE/Plugins)
[23:05:52.372] [42976] [I] Failed to open pdb for dll C:/WINDOWS/System32/KERNELBASE.dll+010ED90	PDB signature mismatch
[23:05:52.373] [42976] [I] Attempting to load pdb for C:/WINDOWS/System32/KERNELBASE.dll+010ED90 (searchPath Data/SKSE/Plugins)
[23:05:52.375] [42976] [I] Failed to open pdb for dll C:/WINDOWS/System32/KERNELBASE.dll+010ED90	PDB signature mismatch
